date,close_pct_change,close_pct_change_lag1,cum_return_7_lag1,low_close,high_low,sma_ratio_10_20_lag1,log_return_5,candle_body_ratio,momentum_lag1
2024-01-30,-0.008350518558888909,0.03025476873531141,0.0917735052516232,618.7099999999991,1198.3700000000026,0.9766517518806073,0.0719231785771054,0.3017515458472611,1.035367428510902
2024-01-31,-0.008409193057467013,-0.008350518558888909,0.07509353275493291,664.260000000002,1468.270000000004,0.9839320382554,0.017926037853437438,0.2459356930248103,1.0194790533759823
2024-02-01,0.011811648661343321,-0.008409193057467013,0.061990323014758264,695.7200000000012,1400.8499999999985,0.9907449971615748,0.022589450666070203,0.3590248777502321,1.0130603415664512
2024-02-02,0.0027170847671955656,0.011811648661343321,0.07689016852239372,536.1500000000015,941.2099999999991,0.9987917461332531,0.027431626470165563,0.12436119463112313,0.9949250277696311
2024-02-03,-0.004372916666666726,0.0027170847671955656,0.03300141746278862,320.0,500.01000000000204,1.0062626078397525,-0.0067569993045900854,0.37779244414356267,1.0060291888191033
2024-02-04,-0.00995580442160382,-0.004372916666666726,0.021524362477745584,789.0899999999965,897.0400000000009,1.0117090013443633,-0.00837711469624358,0.4773700169392971,1.0101242367308594
2024-02-05,0.0029547085589325395,-0.00995580442160382,0.01369506945922383,324.77999999999884,1311.6600000000035,1.0178769149860778,0.0030179870882290683,0.09592424866126903,0.988393085522947
2024-02-06,0.009137482526979213,0.0029547085589325395,-0.013604990717155041,134.6999999999971,825.9800000000032,1.020511132603094,0.0003715397790456761,0.47246906704190633,0.9886273148148147
2024-02-07,0.029018108329785353,0.009137482526979213,0.00388301036871308,310.9499999999971,1608.5,1.0224522627608528,0.02626319429912381,0.7775194280337111,1.0020427289798979
2024-02-08,0.021173809910348673,0.029018108329785353,0.041310311755965445,18.5,1283.2000000000044,1.0242912780005566,0.05159845980122409,0.7318033042336983,1.0414889739726387
2024-02-09,0.04071925305788526,0.021173809910348673,0.0506724730049708,46.529999999998836,2957.8799999999974,1.0245920342476336,0.1015162182469877,0.6234566649065413,1.0604080667405003
2024-02-10,0.013118685789101692,0.04071925305788526,0.0886746412956605,332.7699999999968,1370.0,1.0278999913564646,0.11159924733777046,0.4513211678799157,1.093594391510698
2024-02-11,0.011495025558578842,0.013118685789101692,0.10616624375142891,193.92999999999302,1035.5,1.0325691977298859,0.11393271875517899,0.5300917431141433,1.0766971968180097
2024-02-12,0.03348406490353306,0.011495025558578842,0.12761707373161157,589.9799999999959,2624.8099999999977,1.034207727639353,0.11826334551656789,0.6161474544800717,1.066492156423298
2024-02-13,-0.004360815405169416,0.03348406490353306,0.1581464300762121,1616.3199999999997,2067.6600000000035,1.0377176431151618,0.0929402343523304,0.10528326707434933,1.059077792372483
2024-02-14,0.04216493536465804,-0.004360815405169416,0.14464813214406347,474.57999999999447,2818.699999999997,1.041559556064102,0.0943283888613113,0.7434526554768395,1.0408053512495736
2024-02-15,0.001637797501195637,0.04216493536465804,0.15779495917893616,481.16999999999825,1502.6200000000026,1.0483606719077885,0.08293146555691028,0.05645472574532288,1.0723639901374722
2024-02-16,0.004705281418658558,0.001637797501195637,0.13825894676978312,314.0,1006.0800000000017,1.0569623409435853,0.07619625201350162,0.24262484096450768,1.0393196583066342
2024-02-17,-0.00923699224792518,0.004705281418658558,0.10224497513055641,1499.1100000000006,1537.8199999999997,1.0651181007181176,0.03398065276628196,0.31307955417205424,1.048783501030894
2024-02-18,0.009585683458475325,-0.00923699224792518,0.07988929709352954,479.3600000000006,1213.7200000000012,1.0698122530006933,0.04789103655514064,0.40786178030840703,0.9970551308162519
2024-02-19,-0.0069611856456185395,0.009585683458475325,0.07797995499342603,460.66999999999825,811.7699999999968,1.074352641063473,-0.0003947092787647558,0.4471094029041815,1.0049666538164996
2024-02-20,0.009349928044047662,-0.0069611856456185395,0.037534704444274425,1014.3600000000006,2224.6299999999974,1.0741338899319983,0.007275320978665342,0.2176002301496547,0.9932971517403367
2024-02-21,-0.007834658340927003,0.009349928044047662,0.0512454478934915,1633.8199999999997,1741.800000000003,1.0726860179622328,-0.005284435732220454,0.2350614307025198,1.0119316131011118
2024-02-22,-0.010819220824005882,-0.007834658340927003,0.0012458541879064589,908.6100000000006,1125.0,1.0702913780714953,-0.006882692130542029,0.4986311111066781,0.9944707924232135
2024-02-23,-0.010611947102289299,-0.010819220824005882,-0.01121116413729506,767.4199999999983,1027.5400000000009,1.0641975002604853,-0.02709137978498324,0.5296825427668992,0.9906071938955547
2024-02-24,0.016239704478250294,-0.010611947102289299,-0.026528392658242916,159.15000000000146,1113.0,1.0579210730050237,-0.003996601120421992,0.7404043126618111,0.9710159930897789
2024-02-25,0.0031149029382824267,0.016239704478250294,-0.0010516959320674424,288.41999999999825,678.75,1.0478333789269194,-0.01019302747243424,0.23667034990443125,0.9945771782464558
2024-02-26,0.05311581448263403,0.0031149029382824267,-0.0075224764522603405,827.4099999999962,4008.5599999999977,1.0380435367363394,0.049425695421587916,0.6854381623308994,1.0085873185409104
2024-02-27,0.04700873606531397,0.05311581448263403,0.052554523675992226,26.340000000003783,3138.020000000004,1.0309922441787678,0.1062411453760542,0.8160751046812414,1.0735517296082406
2024-02-28,0.09458295215029322,0.04700873606531397,0.09021333169725854,345.48999999999796,7308.1500000000015,1.028746485651336,0.20728322584038275,0.7381827138184927,1.1060560166707323
2024-02-29,-0.020840561185672013,0.09458295215029322,0.19263094218847876,2067.4000000000015,3311.6500000000015,1.031592254974872,0.17011318404502032,0.39289478054627386,1.2069106504397449
2024-03-01,0.02056109684484042,-0.020840561185672013,0.18260960182681263,353.9800000000032,2337.230000000003,1.0356549317808124,0.18735569336147279,0.5377776256485772,1.122153839997342
2024-03-02,-0.006421437490282567,0.02056109684484042,0.21378264577394235,826.7799999999988,872.0699999999997,1.0404379000831017,0.12916033738427532,0.4593897278835516,1.0938080212015497
2024-03-03,0.018176148396896963,-0.006421437490282567,0.1911215038054095,667.2799999999988,1911.8799999999974,1.046026586197058,0.10123599857717415,0.5893099985323926,0.9928751395516089
2024-03-04,0.08130909844524137,0.018176148396896963,0.20618274926402402,813.9700000000012,6199.0,1.055035259800534,0.0890350087645051,0.827833521534397,1.0324383806704882
2024-03-05,-0.0662561793261438,0.08130909844524137,0.23437603322663136,9240.710000000006,9995.0,1.068921779261088,0.041542639316776604,0.4523961980985973,1.0938933671433082
2024-03-06,0.03687825044280779,-0.0662561793261438,0.12111111783517359,944.8700000000026,4861.960000000006,1.079211272842636,0.05740458512447801,0.4833503360774574,1.028017522304576
2024-03-07,0.011337735667442228,0.03687825044280779,0.06340641612768816,523.0399999999936,2429.0,1.090964544387985,0.07512067398297692,0.3084108686689669,1.046900393050857
2024-03-08,0.01946959415424332,0.011337735667442228,0.0955847129808024,740.5099999999948,3907.3399999999965,1.0984767384515306,0.07639022334974133,0.33296564926437955,0.9791556128583027
2024-03-09,0.002775519239201163,0.01946959415424332,0.0944932102902053,263.0899999999965,680.0,1.1019578531031813,0.0009894626557986315,0.2780441176429802,1.069050582347219
2024-03-10,0.009406810711886537,0.002775519239201163,0.10369016701968903,218.52000000000407,1792.8600000000006,1.0968421866076707,0.07890546515368231,0.3584217395649529,1.033889709180792
2024-03-11,0.04527851721999632,0.009406810711886537,0.0949208293346786,1930.9199999999983,5775.039999999994,1.0941845259697338,0.08697432191179294,0.540640411147732,1.0319157262368728
2024-03-12,-0.008686272251904659,0.04527851721999632,0.05889024810943355,3457.279999999999,4379.179999999993,1.0922979530759374,0.06697615885143374,0.14296968838882676,1.0580397359586955
2024-03-13,0.02267815838910625,-0.008686272251904659,0.1164601551836727,118.69999999999709,2316.9400000000023,1.0902987023950321,0.07011850432674999,0.6993750377623107,1.0459462707611564
2024-03-14,-0.02303838069662678,0.02267815838910625,0.10226006312997116,4517.4100000000035,5222.0,1.0872640629669061,0.044038917783788885,0.32237839908019306,1.0596980272023213
2024-03-15,-0.026461942143979122,-0.02303838069662678,0.06788394676590215,5788.940000000002,6819.710000000006,1.0746796135460905,0.007857714503971255,0.27700444740278174,0.990438704682837
2024-03-16,-0.06042056205876711,-0.026461942143979122,0.021952410467679706,4719.850000000006,5263.0,1.068751194417815,-0.09874856933689312,0.7978738362135703,0.972678725203112
2024-03-17,0.04736324902225286,-0.06042056205876711,-0.04124367083028857,767.6299999999974,4371.399999999994,1.0565503328948196,-0.0437485370930414,0.7075170425934313,0.8936427579164283
2024-03-18,-0.011455624132592601,0.04736324902225286,-0.003287232519922245,1828.2799999999988,2390.800000000003,1.047853006922133,-0.07769511413575435,0.3277062071259486,0.9580402790684382
2024-03-19,-0.08390165417862072,-0.011455624132592601,-0.06002137387251116,6054.990000000005,6569.110000000001,1.0388186724455646,-0.14201875782808016,0.8635264137746762,0.9728077110957793
2024-03-20,0.09530768162693293,-0.08390165417862072,-0.13523675579922723,1162.4000000000015,7325.0,1.0296833218000288,-0.024165085150967026,0.8058839590432673,0.9484962089952272
2024-03-21,-0.034481462477213065,0.09530768162693293,-0.06260723256140055,3311.4999999999927,3711.459999999999,1.0228948818022636,0.003067847750887808,0.6302748783480614,0.99191487258727
2024-03-22,-0.026024380901316868,-0.034481462477213065,-0.07405031434198683,3241.269999999997,4389.619999999995,1.0107873725122118,-0.06957697406056765,0.38833429772875966,0.9688105263733953
2024-03-23,0.003031037371247214,-0.026024380901316868,-0.07361275309932458,796.6399999999994,2999.0,0.9981030611706694,-0.055028775769686795,0.06447815938624803,1.03001805048323
2024-03-24,0.05032004214407837,0.003031037371247214,-0.010161153669310252,217.72000000000116,3856.4000000000015,0.9840220942864817,0.08169769963635419,0.8349678456570008,0.9432418771615957
2024-03-25,0.039726534701165495,0.05032004214407837,-0.007204360547484745,824.9300000000076,4764.940000000002,0.9785903676775403,0.02962011922423775,0.5603449361365285,1.02608682243871
2024-03-26,0.0015453632591067024,0.039726534701165495,0.04397779828627335,600.0099999999948,2281.100000000006,0.9747120002840467,0.06625426701616033,0.047345578887171225,1.0953556488241387
2024-03-27,-0.007401411670572067,0.0015453632591067024,0.12942481572400077,1628.820000000007,3410.3600000000006,0.9787965851813799,0.08519433637063759,0.15189012303641874,1.0937332249205773
2024-03-28,0.018865844086057848,-0.007401411670572067,0.02671572242649578,566.3700000000099,2648.4400000000023,0.9784756601536541,0.10085797442650915,0.49486112579293884,1.033625953522683
2024-03-29,-0.01314004119772949,0.018865844086057848,0.0800630289897667,1771.6000000000058,1907.1600000000035,0.981214115918796,0.038535919330432405,0.4876675265814792,1.0128876627235746
2024-03-30,-0.0038419173280550556,-0.01314004119772949,0.09294736869335407,310.5399999999936,781.1000000000058,0.9916804377204983,-0.004271128293115576,0.3435539623563798,0.9980359490198318
2024-03-31,0.024400356528065048,-0.0038419173280550556,0.0860744139940518,19.189999999987776,1803.0099999999948,0.9937717744019342,0.018292124671977602,0.9416697633349703,1.0016149419339198
2024-04-01,-0.022870507453632394,0.024400356528065048,0.06015472837803848,3217.149999999994,3225.3699999999953,1.0028011489135087,0.0025849679635813875,0.5054303847294869,1.0070557469137023
2024-04-02,-0.0600979471584987,-0.022870507453632394,-0.0024423137767594083,5099.800000000003,5124.229999999996,1.0126937976303094,-0.07808473138292801,0.8168680953024814,0.9971261496332027
2024-04-03,0.007626941162614864,-0.0600979471584987,-0.06408562419436481,970.9199999999983,2410.560000000005,1.0205360026406682,-0.05725959296252893,0.20712614496130716,0.940815450162671
2024-04-04,0.03827144435510177,0.007626941162614864,-0.04905727136117788,898.760000000002,4245.390000000007,1.0227855872531393,-0.015853018870288275,0.5946497259366134,0.925410644583243
2024-04-05,-0.009741444423889245,0.03827144435510177,-0.029651671092133958,2535.229999999996,2804.1100000000006,1.0214916889322845,-0.04974964495258174,0.23792932516828091,0.9833163914325668
2024-04-06,0.01585623959202964,-0.009741444423889245,-0.026253074318293712,372.7899999999936,2244.1699999999983,1.0163909663527269,-0.010881707539380484,0.4791838407942377,1.035998875106757
2024-04-07,0.006740449372967916,0.01585623959202964,-0.006554917398209015,72.0,1502.2899999999936,1.015166805114532,0.05781573482449281,0.3091214079817547,1.0444598873797664
2024-04-08,0.03257781566683815,0.006740449372967916,-0.024214824553306147,317.1499999999942,3754.75,1.0117635463632026,0.08227614100790237,0.6018030494690665,1.0127409571837551
2024-04-09,-0.034543423624685876,0.03257781566683815,0.031233498567164397,3410.0,3548.1900000000023,1.00718404042787,0.009564729968843385,0.6972569112682877,1.056021015437488
2024-04-10,0.02147745350417951,-0.034543423624685876,0.05678802210097722,1628.0,3654.0800000000017,1.0055848817321336,0.04060399575500923,0.4064169366833613,1.0036286576869484
2024-04-11,-0.008846672031632585,0.02147745350417951,0.07063853444254187,1063.8699999999953,1738.679999999993,1.0008820811269896,0.015986116907141454,0.3593818298918804,1.0183201103684683
2024-04-12,-0.04127789769567636,-0.008846672031632585,0.023520418055807513,4919.369999999995,6140.600000000006,0.9968923044015882,-0.032885741916448066,0.4705891932376785,0.9774676068137391
2024-04-13,-0.047559229828960214,-0.04127789769567636,-0.0080160352159796,6455.950000000004,7268.43,0.9970285117739072,-0.11367150865510887,0.4391608641750158,0.9706493506493508
2024-04-14,0.027177838359652595,-0.047559229828960214,-0.07143150463696946,1790.510000000002,3706.0,0.9964470246712505,-0.051702276343382654,0.4687857528319784,0.9050478910983664
2024-04-15,-0.034142357265650736,0.027177838359652595,-0.05099411565028478,3387.439999999995,4592.6700000000055,0.9953931818561903,-0.10769116282555517,0.4881387079836182,0.9379428088043021
2024-04-16,0.005887733504845949,-0.034142357265650736,-0.11771428858277366,1819.989999999998,2765.0,0.9937387298833645,-0.09293465812139401,0.1350452079561125,0.9449236938983129
2024-04-17,-0.03944013635268473,0.005887733504845949,-0.07728313145324184,4115.229999999996,4820.8399999999965,0.990388774450023,-0.09101960662062693,0.5219069705683619,0.9979488305815719
2024-04-18,0.03578335689015377,-0.03944013635268473,-0.13820072131010608,474.0200000000041,3313.739999999998,0.985396616536588,-0.0071342421595911405,0.6616994694796179,0.9332265132990487
2024-04-19,0.005481795516879773,0.03578335689015377,-0.09357069238831972,3870.0699999999997,5849.989999999998,0.9779610221389947,-0.028482495914239746,0.05947360593768723,1.0007898140633578
2024-04-20,0.017590332258871744,0.005481795516879773,-0.04681099917576359,727.9400000000023,2328.9300000000003,0.9742178683597168,0.023693740511721937,0.482015346101074,1.0003859334015641
2024-04-21,8.623266280816111e-06,0.017590332258871744,0.018338562912068368,703.0899999999965,1458.0599999999977,0.9703174332880707,0.017831895204345985,0.0003909304143833591,1.0597809599204404
2024-04-22,0.028921107802987844,8.623266280816111e-06,-0.008830652181303411,441.15000000000146,2732.350000000006,0.966135265294685,0.08658165352622103,0.6873826559529811,1.0231773774351631
2024-04-23,-0.0060659102786441155,0.028921107802987844,0.05423281288733517,1053.5100000000093,1417.199999999997,0.9647050107257515,0.04533926387595538,0.2860005644913547,1.047029200691153
2024-04-24,-0.031987382178456425,-0.0060659102786441155,0.042279169103845105,2807.9400000000023,3464.3699999999953,0.9681176631813839,0.007362281864514887,0.6132168330732208,1.0226885835191828
2024-04-25,0.003247026462604552,-0.031987382178456425,0.04973192327807341,1495.5899999999965,2503.9400000000023,0.9691120015156626,-0.006833364906514637,0.08337260477453967,0.9899669162002828
2024-04-26,-0.0112922286061935,0.003247026462604552,0.01719559285052419,1200.8599999999933,1522.5299999999988,0.973172561282688,-0.01819845803132914,0.47836167431526255,0.9652648365772054
2024-04-27,-0.004830326982856015,-0.0112922286061935,0.0004215687274509161,1378.770000000004,1532.1700000000055,0.9769193531842505,-0.05155127385829649,0.20103513317581298,0.9601892673231548
2024-04-28,-0.0054104835682718955,-0.004830326982856015,-0.021999090514276842,680.9800000000032,1589.0,0.984635527257772,-0.05089206445079525,0.21608558841903067,0.9871268427750124
2024-04-29,0.01184087991784355,-0.0054104835682718955,-0.027418197348829554,1353.0900000000038,2462.8199999999997,0.990513435523059,-0.0066105823798303116,0.30346513346365667,0.9786084417056315
2024-04-30,-0.05001096044843889,0.01184087991784355,-0.04449842523397385,4674.4000000000015,5542.4000000000015,0.9946126755376159,-0.061157180403873926,0.5762846420312926,1.001505253017837
2024-05-01,-0.03802462420886077,-0.05001096044843889,-0.08844347540376862,4119.18,4288.809999999998,0.9956739249891455,-0.08856713604290428,0.5379207752254409,0.9560369846638884
2024-05-02,0.011918793070569533,-0.03802462420886077,-0.09448071743417297,1453.1300000000047,2713.1600000000035,0.9944517786364385,-0.07187678168274751,0.2563947574037044,0.9246870416368419
2024-05-03,0.06470302287768459,0.011918793070569533,-0.08580895082620799,249.29000000000087,4521.68,0.9885394360036679,-0.0037556999218309973,0.845130570936367,0.9247582438230044
2024-05-04,0.016062304624168355,0.06470302287768459,-0.009813699342329896,340.9800000000032,1998.9700000000012,0.9837832373372704,0.00040764558317576174,0.5052752167340908,1.0364255340189874
2024-05-05,0.0018775421789631874,0.016062304624168355,0.011078932264694474,1069.8700000000026,1823.8300000000017,0.9845300181429135,0.053588259151187284,0.06577915704826835,1.0946984124210122
2024-05-06,-0.013228925826407556,0.0018775421789631874,0.018366958011929557,1312.0,2800.0,0.9833026407102221,0.07903747717459834,0.3024321428560619,1.0838357409447685
2024-05-07,-0.013506014942723965,-0.013228925826407556,-0.0067028477323215485,904.1900000000023,2161.4100000000035,0.9828353529156417,0.053591102736729186,0.3946960548882675,1.004503354775078
2024-05-08,-0.01795879707433945,-0.013506014942723965,0.029802097773393377,1424.0800000000017,2132.220000000001,0.9802191423594112,-0.027226819115356064,0.5248238924664209,0.9752714109613655
2024-05-09,0.030738468090238502,-0.01795879707433945,0.049867924907914696,563.0299999999988,2799.029999999999,0.9789396616590578,-0.012885985180515938,0.6720113753669249,0.9559618509029557
2024-05-10,-0.03605320162773862,0.030738468090238502,0.06868759992758366,2886.8899999999994,3282.0099999999948,0.9782631243544464,-0.05148094128532028,0.6928711368926593,0.9985564834048627
2024-05-11,0.0004276316492815013,-0.03605320162773862,-0.032068624577839544,312.90000000000146,1027.9100000000035,0.981679396434229,-0.03773619353306093,0.025294043252567806,0.9757335977229454
2024-05-12,0.010817744191257805,0.0004276316492815013,-0.0477032975527264,215.98999999999796,1278.0,0.9888118010608871,-0.01337849175994721,0.5148669796516834,0.9940019312657014
2024-05-13,0.02368242529478004,0.010817744191257805,-0.03876309554043178,734.7799999999988,2700.790000000001,0.996902233929258,0.028149868543688776,0.5391311431079833,0.9747912016375683
2024-05-14,-0.021649003306001613,0.02368242529478004,-0.0018517444192441834,1797.310000000005,1975.5900000000038,0.9997709914235954,-0.024012417124834002,0.6897180082877008,1.0351988544734958
2024-05-15,0.0751737363767182,-0.021649003306001613,-0.009994732782521831,258.0199999999968,5124.690000000002,0.9982306969330991,0.08518902093565875,0.9032761006013958,1.0123549160482221
2024-05-16,-0.014670613912531216,0.0751737363767182,0.08313780066853582,1603.7300000000032,2149.239999999998,1.0003835070272604,0.06998218910401477,0.45192719286607236,1.076808775747963
2024-05-17,0.027420621471134998,-0.014670613912531216,0.0377287186657661,128.83000000000175,2344.8199999999997,1.002526111194288,0.08627394848594652,0.7628687916310729,1.036465317489269
2024-05-18,-0.0016232991167343114,0.027420621471134998,0.10120254176463972,424.0,800.0099999999948,1.007201987821723,0.06124298342309496,0.1359983000195543,1.0884496915999662
2024-05-19,-0.009582127827459264,-0.0016232991167343114,0.0991516109986239,1057.949999999997,1842.75,1.0132716035689906,0.07350143262554895,0.347952787950901,1.0107043870314847
2024-05-20,0.07804884599558704,-0.009582127827459264,0.07875173897990684,213.6999999999971,5455.25,1.0164197068408052,0.07617195201458145,0.9481911919692981,1.015923915934355
2024-05-21,-0.018171328468722492,0.07804884599558704,0.13311815968071383,2283.679999999993,2816.0599999999977,1.024571236759775,0.07261278884707123,0.46102710879576064,1.0659856170923847
2024-05-22,-0.013994914206095221,-0.018171328468722492,0.13659583451799295,1306.1499999999942,1823.8099999999977,1.0297035758922561,0.031467612098941486,0.5382797550153907,1.048316974319736
2024-05-23,-0.017305602037514634,-0.013994914206095221,0.04742718393517953,2854.459999999992,3783.959999999992,1.0335461016428031,0.015635135904358437,0.3163273396116345,1.0436462196870235
2024-05-24,0.008538222574340226,-0.017305602037514634,0.04479219581019611,1369.5299999999988,2649.8800000000047,1.037251411641264,0.03376544582520867,0.21900236991781163,0.9513347167437731
2024-05-25,0.010803502670095222,0.008538222574340226,0.02590979691340134,49.99000000000524,1110.0,1.0442600978548364,-0.030641775547928865,0.6671891891831802,0.977214713847826
2024-05-26,-0.011298795781301996,0.010803502670095222,0.03833659870023087,1162.5600000000122,1434.2200000000012,1.0447625034145258,-0.023666432887599162,0.5458646511654699,1.0017920494018648
2024-05-27,0.01355702215532939,-0.011298795781301996,0.03661993074638814,257.66999999999825,2437.5599999999977,1.0454973169502726,0.0038932814365458257,0.3810203646253571,1.0079155917383715
2024-05-28,-0.014949501292044975,0.01355702215532939,-0.027871893093869504,2158.5199999999895,2313.899999999994,1.043506802041134,0.006288004325083541,0.44861057089567835,1.0129312929148493
2024-05-29,-0.010906250863507161,-0.014949501292044975,-0.024650065917191988,1273.7400000000052,1811.0299999999988,1.040071683465435,-0.013180133794687257,0.41190924501299114,0.9871240776342292
2024-05-30,0.01034331070492378,-0.010906250863507161,-0.021561402574603927,524.4199999999983,2372.0,1.0385639526215138,-0.013635510880684744,0.2950084317019581,0.9875159963840545
2024-05-31,-0.011881992919902995,0.01034331070492378,0.006087510167834487,1682.1699999999983,2374.100000000006,1.0280717230326688,-0.014225546785017567,0.3420917400263597,0.9843848538872175
2024-06-01,0.0033586018124664996,-0.011881992919902995,-0.014332705326408735,111.56999999999243,471.5599999999977,1.0190552691846333,-0.024338520416099792,0.48104164898465046,0.9874502894000867
2024-06-02,-1.8002902599123516e-05,0.0033586018124664996,-0.021777606184037457,509.38000000000466,1202.5299999999988,1.0122408929123146,-0.00929415208037228,0.0010062119032221983,1.0016914398627574
2024-06-03,0.015410024226145236,-1.8002902599123516e-05,-0.010496813305334585,153.15000000000873,2675.520000000004,1.008335516429143,0.016964503601487445,0.39030917354237465,0.9914188532712276
2024-06-04,0.025111793506457758,0.015410024226145236,-0.008643811234518739,242.5799999999872,2496.12999999999,1.0033644384805096,0.03147599239472728,0.6922516054825195,1.0188020404498015
2024-06-05,0.00808303741651284,0.025111793506457758,0.031417483563983994,154.17999999999302,1374.3399999999965,1.0020098954371488,0.05147968504261965,0.4148682276553481,1.040890051699319
2024-06-06,-0.004344658828823844,0.00808303741651284,0.050406771844003995,990.3600000000006,1582.3600000000006,1.0015116412887322,0.043772586451311414,0.19524002123287357,1.0493224957843672
2024-06-07,-0.020388123797123736,-0.004344658828823844,0.03571880231025637,2379.0599999999977,3577.020000000004,1.0007448006803257,0.023191759061091194,0.4035370224365407,1.0289080495684488
2024-06-08,-0.0006508486697541782,-0.020388123797123736,0.02721267143303563,187.58000000000175,414.179999999993,1.0003620268126112,0.007248202820616814,0.10898643101769838,0.9832396342161882
2024-06-09,0.004871991904252138,-0.0006508486697541782,0.02320322095081495,180.22000000000116,726.8999999999942,1.0005635813829041,-0.012693308498884608,0.46454808088506017,0.974720987793216
2024-06-10,-0.0015526617078359672,0.004871991904252138,0.028093215757666212,475.8500000000058,1023.6500000000087,1.0037455173803285,-0.022297721480723637,0.10565134567375249,0.9837438519663962
2024-06-11,-0.032006902502156986,-0.0015526617078359672,0.01113052982368501,3489.0,3539.0099999999948,1.0070877286888475,-0.050473919610692516,0.6289216475776301,1.0026587615131293
2024-06-12,0.014109198885703833,-0.032006902502156986,-0.045988166184929735,409.24000000000524,3094.0,1.0077847758791978,-0.01586449857632859,0.3069683257908661,0.9711988637790024
2024-06-13,-0.021841383722223218,0.014109198885703833,-0.03996200471573874,2012.2100000000064,2197.520000000004,1.0082928421881079,-0.037296875777305206,0.6784784666320278,0.9801265331708787
2024-06-14,-0.010917884336799966,-0.021841383722223218,-0.057458729609138115,1695.0099999999948,2292.2400000000052,1.006634570931544,-0.05313495976052702,0.31803825079259046,0.9602100949094046
2024-06-15,0.0027899586321176173,-0.010917884336799966,-0.047988490148814344,186.88999999999942,621.3799999999901,1.0024685856563926,-0.0487950175030386,0.2965335221555769,0.98112955000309
2024-06-16,0.006773846508098869,0.0027899586321176173,-0.04454768284694255,193.75,964.1999999999971,0.9970153454392012,-0.009513687995714847,0.46527691349859357,0.970178420569908
2024-06-17,-0.002587703951910103,0.006773846508098869,-0.04264582824309582,1546.8699999999953,2168.8099999999977,0.9929996152746249,-0.0261153364201576,0.07955053693002316,0.9985601967022304
2024-06-18,-0.019983811580388866,-0.002587703951910103,-0.043680870487169954,2444.3300000000017,2528.229999999996,0.9902018370900255,-0.024218087313917464,0.5256681551894992,1.0069702027391136
2024-06-19,-0.0030832222994838787,-0.019983811580388866,-0.03165777956540183,509.3199999999997,1061.5399999999936,0.9859353224228057,-0.016328150711756098,0.18930045028741763,0.9841014974727552
2024-06-20,-0.0016064796011104887,-0.0030832222994838787,-0.048850200750589545,415.22000000000116,1923.7900000000009,0.9815113175532333,-0.020721996006187408,0.05425748132564471,0.9744664079162685
2024-06-21,-0.011198244365383747,-0.0016064796011104887,-0.028615296629476816,1490.6399999999994,1687.310000000005,0.9765613844102331,-0.038734419858322974,0.43052551101794745,0.9754250587894051
2024-06-22,0.0018466390078755168,-0.011198244365383747,-0.028895656658060598,199.73999999999796,602.989999999998,0.9744909849376503,-0.034298425947151094,0.19643775186659876,0.9841694678292335
2024-06-23,-0.016370480786393027,0.0018466390078755168,-0.0298389762823027,1083.6900000000023,1342.6800000000003,0.9710920502010562,-0.030618194978575687,0.7835076116365514,0.9890362923103372
2024-06-24,-0.04614316624851034,-0.016370480786393027,-0.052983303576794594,4808.010000000002,4967.800000000003,0.9698367945054976,-0.07477189799487789,0.5871230725862809,0.9744106635441134
2024-06-25,0.025089189014368074,-0.04614316624851034,-0.09653876587339483,36.24000000000524,2162.9400000000023,0.9686634302351939,-0.048384504144301725,0.699376774202245,0.9399743325752422
2024-06-26,-0.015225380185519222,0.025089189014368074,-0.05146576527863789,1094.010000000002,1775.8099999999977,0.9687887082911449,-0.05246556374713817,0.5299102944541962,0.9617814631070519
2024-06-27,0.013825353458531753,-0.015225380185519222,-0.06360792316467323,258.3600000000006,1782.5900000000038,0.9672682883525157,-0.040579844726556166,0.47206031672750076,0.9629011291091395
2024-06-28,-0.020721165868020086,0.013825353458531753,-0.04817609010503099,1643.4700000000012,2162.3099999999977,0.9655881541559227,-0.04501274878821308,0.5913213184021213,1.0234382593090774
2024-06-29,0.009248055201046546,-0.020721165868020086,-0.05769901160766733,44.06999999999971,840.2300000000032,0.9648813023161941,0.011434493224682417,0.6651036025770927,0.9777016830563887
2024-06-30,0.029274097229099905,0.009248055201046546,-0.0502975954144963,274.47000000000116,2346.550000000003,0.9651773344825362,0.0155086645569713,0.7608318595352289,1.0019993431363416
2024-07-01,0.002038806786655245,0.029274097229099905,-0.004653017399003367,274.81000000000495,1364.560000000005,0.9669979185804218,0.03288787216036076,0.09378847393962712,1.017267881309691
2024-07-02,-0.01215453293394797,0.002038806786655245,0.043528955636162214,1093.7099999999991,1482.550000000003,0.9683908767916288,0.0069282137538194625,0.5156858116048973,1.0409107788727845
2024-07-03,-0.031011111688702075,-0.01215453293394797,0.00628523368784617,2735.470000000001,2885.9400000000023,0.9697122022286042,-0.003635058822789916,0.6676784687115183,1.018836736152878
2024-07-04,-0.05246046327616427,-0.031011111688702075,-0.009500497815336684,3437.5800000000017,3727.1900000000023,0.9699986899280933,-0.06672722808050727,0.8474373455583218,0.9591628498115641
2024-07-05,-0.007383346646214428,-0.05246046327616427,-0.07578631455003271,3564.0800000000017,4060.0699999999997,0.9717784988922096,-0.1029917603524493,0.10374944274334148,0.9069955337035825
2024-07-06,0.02827784241902398,-0.007383346646214428,-0.06244849532822705,610.7900000000009,2457.0,0.970956204914313,-0.07714308635114459,0.6517460317433778,0.9113762235966028
2024-07-07,-0.040740420809639244,0.02827784241902398,-0.043418708110249615,2505.7599999999948,2725.0899999999965,0.9733220968124064,-0.10650764681138844,0.87054739476175,0.9671400654192475
2024-07-08,0.015339126256471713,-0.040740420809639244,-0.11343322614898876,1597.6499999999942,3976.5699999999997,0.9722355496404269,-0.05978284125495243,0.21546458379906563,0.9791025452931559
2024-07-09,0.023545604290392763,0.015339126256471713,-0.1001329066791723,425.17000000000553,2006.550000000003,0.9728907343763001,0.017376456550993305,0.6655154369406905,1.001515660143895
2024-07-10,-0.005583979328165345,0.023545604290392763,-0.06443276945483156,892.2099999999991,2312.209999999999,0.9736023677229756,0.019187566990610683,0.14019055362557886,0.9969065842717507
2024-07-11,-0.0066860860429079905,-0.005583979328165345,-0.03900563709429483,675.8499999999985,2600.0,0.9710013431216803,-0.015406376300925569,0.14844615384558257,1.033442771923926
2024-07-12,0.009578148824491928,-0.0066860860429079905,0.006768740138961449,797.4199999999983,1984.2099999999991,0.967237218301725,0.035719756650769416,0.27679025909416416,1.0110248468560663
2024-07-13,0.02271446610847283,0.009578148824491928,0.023730235609667805,132.47000000000116,2093.3700000000026,0.9652849806742142,0.04295741916884211,0.6281402714253654,0.9972282515073212
2024-07-14,0.026921989418961845,0.02271446610847283,0.018166859299116656,10.009999999994761,2226.6800000000003,0.9668477457898506,0.04625070523738702,0.7158190669484807,1.0256067255830792
2024-07-15,0.06457837119729937,0.026921989418961845,0.08582926952771774,165.61000000000058,4267.699999999997,0.9727402384554892,0.11442915844461711,0.9199873468122873,1.0603074055426336
2024-07-16,0.0049417419837483045,0.06457837119729937,0.1350685144685454,2350.9000000000015,3015.730000000003,0.9839396658805385,0.12606726814958177,0.10608708339239226,1.1180712776671256
2024-07-17,-0.014697745325894074,0.0049417419837483045,0.11646465216190094,1189.989999999998,2274.6300000000047,0.991893435043476,0.10172787163384088,0.4202925310911213,1.098641443604674
2024-07-18,-0.001561447004345129,-0.014697745325894074,0.10735088616417221,849.5099999999948,1894.8199999999997,1.0036538972348452,0.07770487055425113,0.05281240434419713,1.054115018098484
2024-07-19,0.041759132036171875,-0.001561447004345129,0.11247552520273507,687.25,4085.3300000000017,1.012780731890923,0.09204965949830612,0.6540671133038114,0.9886252640823038
2024-07-20,0.007200120012001321,0.041759132036171875,0.14465650841441502,437.5399999999936,1375.5399999999936,1.02227915303424,0.03664515721574142,0.34891751602754173,1.02484487805868
2024-07-21,0.015272276003738927,0.007200120012001321,0.1291421623179435,1362.9600000000064,2589.6600000000035,1.0341260996576664,0.046872414301286226,0.3959477305885848,1.047621559047179
2024-07-22,-0.009291085469536275,0.015272276003738927,0.11749244890272059,1605.3699999999953,1914.5800000000017,1.0474353239859955,0.0523447248155321,0.3307983996472869,1.0652845099512533
2024-07-23,-0.023633237038257815,-0.009291085469536275,0.04362299223588495,2090.929999999993,2309.899999999994,1.058582396037618,0.029990410714519113,0.6909346724936577,1.0130814581458145
2024-07-24,-0.00849323457697837,-0.023633237038257815,0.01504801321387883,825.0099999999948,1991.0099999999948,1.0646055334773439,-0.019449854244382052,0.28126428295045675,0.9820680560429287
2024-07-25,0.006484795643661334,-0.00849323457697837,0.021252523962794534,1919.300000000003,2718.790000000008,1.0648418013516672,-0.020160317329115433,0.15592965988488794,0.9590797904037448
2024-07-26,0.0320371064111753,0.006484795643661334,0.029298766610800997,77.31999999999243,2477.3699999999953,1.0587321625881363,-0.003782523832346691,0.850918514388849,0.9743520146964381
2024-07-27,-0.00016919953012906053,0.0320371064111753,0.01957674098580442,1257.9900000000052,2749.9900000000052,1.0551346500889176,0.005382779151452639,0.004181833388469835,1.0299074815112412
2024-07-28,0.005204686544961978,-0.00016919953012906053,0.012207421443674038,829.8399999999965,1251.7699999999895,1.0511240014909076,0.03449094956309731,0.28231224585760906,1.0385539035731768
2024-07-29,-0.02146802309396001,0.005204686544961978,0.0021398319848970893,1821.8800000000047,3651.9900000000052,1.0483095990045288,0.021318644022209714,0.40120317963520935,1.037233007015963
2024-07-30,-0.008934532749946156,-0.02146802309396001,-0.010037105639526644,1482.020000000004,1697.3300000000017,1.041395346865902,0.005880099177034412,0.3515403604463935,0.9834585002442274
2024-07-31,-0.023569227050220576,-0.008934532749946156,0.004661598648785015,1658.0,2319.2400000000052,1.0331310834811966,-0.04950594727573727,0.6726341387666952,0.9748366999771712
2024-08-01,0.011233830537847433,-0.023569227050220576,-0.010414393824457191,2326.0,3357.779999999999,1.0219314978212413,-0.03816553374640776,0.21621726259547464,0.9469320678659068
2024-08-02,-0.05899698289408972,0.011233830537847433,-0.005665358930271092,4124.009999999995,4366.129999999997,1.0127931501788783,-0.10416565584952713,0.8830909753010484,0.9785778746595963
2024-08-03,-0.013014011925201907,-0.05899698289408972,-0.09669944823553611,1648.3300000000017,2348.220000000001,1.0042687369444723,-0.09556327881404415,0.34083263067199404,0.9291462198585847
2024-08-04,-0.04179693594466638,-0.013014011925201907,-0.10954426063060896,3575.220000000001,3994.8600000000006,0.997223015405577,-0.12928415060441767,0.635063556668731,0.9391902890388066
2024-08-05,-0.07121937380719046,-0.04179693594466638,-0.15654588312023732,9161.0,9305.589999999997,0.9905418010100057,-0.1793154341709472,0.44512921802868516,0.889937604450346
2024-08-06,0.03708337891930613,-0.07121937380719046,-0.20629723383346776,68.80999999999767,3090.989999999998,0.9775352093338077,-0.15407430386679816,0.6480739180629905,0.8783784860499463
2024-08-07,-0.01584823536320812,0.03708337891930613,-0.16027932216421548,1463.3899999999994,3177.4300000000003,0.9652183256111676,-0.10924053220911423,0.2794207897568797,0.9229631821416163
2024-08-08,0.11883431252058596,-0.01584823536320812,-0.15255833047720302,404.1600000000035,8015.139999999999,0.9513922539147365,0.016146254833908125,0.8174816659461746,0.9479575660666083
2024-08-09,-0.013747043696631933,0.11883431252058596,-0.04495784849446449,2150.989999999998,2209.3700000000026,0.9471030798367173,0.04499940234481745,0.38382434811559984,1.141935373992874
2024-08-10,0.0014057006156844576,-0.013747043696631933,0.0002920907029932973,595.989999999998,1228.5800000000017,0.9433713191856733,0.12028682366984504,0.06960881668211095,1.0859658552058378
2024-08-11,-0.03629009556409346,0.0014057006156844576,0.014711803243879662,2636.779999999999,3571.269999999997,0.9429134179940928,0.046909535014143654,0.6190850873761482,1.1050047738099211
2024-08-12,0.0107992169992841,-0.03629009556409346,0.02021864362445258,1070.3799999999974,3068.8799999999974,0.9389456457496675,0.07362601837909151,0.20660631891697864,0.9517978069250408
2024-08-13,0.02090278404977952,0.0107992169992841,0.10223723443092714,953.760000000002,3185.220000000001,0.940458369720694,-0.017974014291611985,0.3894581849907093,0.9754865339896995
2024-08-14,-0.031421844400999266,0.02090278404977952,0.08605663956140053,2153.970000000001,3366.8199999999997,0.9439104114426935,-0.03605770680274908,0.5654504844317041,0.9944789786405938
2024-08-15,-0.019465985179111134,-0.031421844400999266,0.07048303052360938,2604.8499999999985,3770.8399999999965,0.9502041418915068,-0.05712036299243533,0.3029378069599807,0.9995026620355192
2024-08-16,0.023175450712934476,-0.019465985179111134,-0.06781726717608771,442.43999999999505,2719.1399999999994,0.9640192416101204,0.0027555740130256693,0.49043079797108335,0.969575699652078
2024-08-17,0.010486525598475405,0.023175450712934476,-0.030894772766521306,89.54999999999563,914.9499999999971,0.975883572708376,0.0024461754982947007,0.674790972176901,0.9717341053342169
2024-08-18,-0.017895518371464747,0.010486525598475405,-0.02181394778373036,1083.0699999999997,1876.0699999999997,0.9902071233123321,-0.03629872226216673,0.5674841557054506,1.0137790267399345
2024-08-19,0.017306107499313272,-0.017895518371464747,-0.0034193705911016448,640.0499999999956,1830.3299999999945,0.9916762043457057,0.012785441992205352,0.5524413630298799,1.0154027402345387
2024-08-20,-0.007145200501358473,0.017306107499313272,0.0030875199089275274,890.2699999999968,2851.769999999997,0.9949485787785656,0.025272534939813903,0.14892505356270258,1.0095779843939492
2024-08-21,0.03630049242719502,-0.007145200501358473,-0.024960464642210467,230.33000000000175,3037.459999999999,0.9964399199061761,0.03801870898870708,0.7052701928561838,0.9919621112018611
2024-08-22,-0.012757368324922358,0.03630049242719502,0.04276187218598382,1431.1599999999962,1675.1299999999974,1.0041246499298975,0.014747343278919285,0.465748926946175,1.0467021009852406
2024-08-23,0.06064346268308651,-0.012757368324922358,0.049470489040172594,33.69999999999709,4612.860000000001,1.006826233977175,0.09168068701254901,0.793739675600833,1.015769913439942
2024-08-24,0.0018703179587378216,0.06064346268308651,0.08693850101032463,506.23999999999796,963.5,1.0098183915333472,0.07639119566849797,0.12430721328361287,1.0851231406891269
2024-08-25,0.0009818100937060148,0.0018703179587378216,0.07832229337058705,383.74000000000524,1226.7300000000032,1.0139349251370038,0.08454337380050747,0.05133974061080241,1.0490708765758667
2024-08-26,-0.021582061663033336,0.0009818100937060148,0.09719962183575781,1420.0,1681.0,1.0164498334128453,0.027067860996237297,0.8245032718570809,1.063670501313108
2024-08-27,-0.05441321577489899,-0.021582061663033336,0.0583114526734112,4799.989999999998,5177.989999999998,1.0172750274073663,-0.016042305177439795,0.6602948248245745,0.9812103082518859
2024-08-28,-0.006397374400403888,-0.05441321577489899,0.011043437399870681,1555.0,2374.980000000003,1.0135480296384154,-0.08133599468880916,0.16004345299682424,0.926087422091522
2024-08-29,0.0054901422717748005,-0.006397374400403888,-0.031654429427728226,321.81000000000495,2453.9000000000015,1.016780636114933,-0.07772943940547852,0.1320795468432616,0.9192603550295858
2024-08-30,-0.003959297838693754,0.0054901422717748005,-0.013406918831031067,1657.9100000000035,2242.970000000001,1.0178960850173544,-0.08267792444760895,0.10477625648089549,0.9446957061463539
2024-08-31,-0.0025370412247210927,-0.003959297838693754,-0.07800967935281133,379.98999999999796,718.3799999999974,1.0196007311962105,-0.06339982899696153,0.20880314039632578,0.9951020785996801
2024-09-01,-0.028353686091105557,-0.0025370412247210927,-0.08241703853627025,1772.989999999998,1875.5899999999965,1.0157550071215933,-0.03621363581514966,0.8915274660192726,0.998968237432434
2024-09-02,0.03194084799341579,-0.028353686091105557,-0.11175253472108182,173.86000000000058,2297.6900000000023,1.0123683130416787,0.001645637060397543,0.7966087679330253,0.9653439300958692
2024-09-03,-0.0278089086254798,0.03194084799341579,-0.058229625064632695,1717.1299999999974,2394.6500000000015,1.0054240671947345,-0.03203238709468013,0.6866932537085301,1.0001376767704615
2024-09-04,0.008404750022309004,-0.0278089086254798,-0.0316253179152135,1881.7300000000032,2913.0,0.9953052954494105,-0.019695603710940986,0.1658633710945228,0.9747980423234041
2024-09-05,-0.030893086013844884,0.008404750022309004,-0.01682319349250061,2327.25,2683.4199999999983,0.984532047137807,-0.04853567757018571,0.6673945934640603,1.0116757117482749
2024-09-06,-0.03946297614809535,-0.030893086013844884,-0.053206421778120294,3630.0,4458.0,0.9756315362140694,-0.060035013331031,0.49731493943360827,0.9500757033443579
2024-09-07,0.0036671443399056702,-0.03946297614809535,-0.08871010008752189,217.4300000000003,1104.4599999999991,0.9710076999267163,-0.08781592415229195,0.17917353276552148,0.9386867423709372
2024-09-08,0.013092295801802267,0.0036671443399056702,-0.08250591452289513,531.8499999999985,1688.989999999998,0.9662868066906366,-0.04660569390208464,0.4198307864438505,0.9342766801964434
2024-09-09,0.03958541970605056,0.013092295801802267,-0.041059932629987306,277.98999999999796,3496.040000000001,0.9624284055017048,-0.016153321897869652,0.6212886580227313,0.9766812032751868
2024-09-10,0.010413204305599333,0.03958541970605056,-0.03341536091735253,655.5999999999985,1657.9599999999991,0.9605091368029623,0.025586377291903085,0.35825954787595216,1.0570582012072351
2024-09-11,-0.005170207018218909,0.010413204305599333,0.004806752013726601,2090.7999999999956,2436.519999999997,0.96110800313439,0.06066550958594998,0.12230147915829763,1.064163124440786
2024-09-12,0.013853291011196811,-0.005170207018218909,-0.008768205026801312,14.0,1264.0,0.9636560160021457,0.07076328410683212,0.6284177215140155,1.044979993603056
2024-09-13,0.04069474605520651,0.013853291011196811,0.03597817199824038,499.6999999999971,2992.3799999999974,0.9668149552035528,0.09764446681342485,0.7905713846477047,1.01911433680446
2024-09-14,-0.008346887500413236,0.04069474605520651,0.11613589420154224,1098.0,1210.449999999997,0.9750216541355449,0.05044055020261573,0.4171671692311361,1.0496566468277895
2024-09-15,-0.014352167243428138,-0.008346887500413236,0.10412186236122334,1301.979999999996,1704.75,0.9820582959511027,0.025625034070842937,0.505071124795393,1.0463048937877149
2024-09-16,-0.01552475816816612,-0.014352167243428138,0.07667739931599293,1638.699999999997,1717.3999999999942,0.9903052154216613,0.015162123676341831,0.5345347618461976,1.0171966300330006
2024-09-17,0.03607380287796791,-0.01552475816816612,0.021567221441776252,603.9799999999959,3709.989999999998,0.9986920961062464,0.036842291995077894,0.5660392615598265,0.9622465205461337
2024-09-18,0.023974537250810224,0.03607380287796791,0.04722782001414483,1139.189999999995,2611.439999999995,1.008225832634285,0.02064543716027585,0.5537174891992409,1.0053499548197515
2024-09-19,0.019235754409934414,0.023974537250810224,0.07637256428317396,204.98999999999796,2295.0,1.0180249335656695,0.04808044106975883,0.5176514161197465,1.0444427721030913
2024-09-20,0.004020144249244684,0.019235754409934414,0.08175502768191156,597.989999999998,1783.3199999999997,1.0248338139943343,0.06654868190000926,0.14189825718243723,1.0813206584877622
2024-09-21,0.0023403092195461994,0.004020144249244684,0.04508042587594974,443.0500000000029,801.9000000000015,1.0306577093353557,0.08453278604185235,0.18444943259527555,1.0478671697892976
2024-09-22,0.003627526008319615,0.0023403092195461994,0.05576762259590917,991.0299999999988,1642.0699999999997,1.0355919307221628,0.05271536884684789,0.13993922305297676,1.0257281453575364
2024-09-23,-0.0037554994781276996,0.003627526008319615,0.07374731584765692,1040.010000000002,2207.1299999999974,1.0409308287822407,0.025261139432954063,0.10818121270560527,1.010020494697289
2024-09-24,0.014567574134444872,-0.0037554994781276996,0.08551657453769534,639.989999999998,1988.0,1.0405862776618802,0.020670539734430816,0.4641398390318701,1.0021983811977806
2024-09-25,-0.017283587524333677,0.014567574134444872,0.06401034579417231,1315.6199999999953,1870.9099999999962,1.042260500927236,-0.000776237670261406,0.5936629768369728,1.0144239147730285
2024-09-26,0.03201766657941674,-0.017283587524333677,0.022752221019028407,482.01000000000204,3169.0,1.04290665294326,0.02840197305998902,0.6380498579973543,0.993287852735725
2024-09-27,0.009144138635673427,0.03201766657941674,0.03553413318851073,354.0899999999965,1678.0999999999985,1.04475083871055,0.03388359478383414,0.35513974137205667,1.028954851429563
2024-09-28,0.0013387572896133015,0.009144138635673427,0.04065812757493947,347.7199999999939,837.7699999999968,1.043753313199607,0.03898402580865709,0.10510044522834697,1.0234545078249124
2024-09-29,-0.0038869993015275828,0.0013387572896133015,0.039656575645006575,426.0,644.1199999999953,1.0410940030675895,0.020626966112789295,0.3974259454698392,1.0428488341067845
2024-09-30,-0.03466997428889751,-0.0038869993015275828,0.03214205033515938,2745.709999999992,2762.5,1.0381860126157316,0.0027764179011971336,0.8233194570105937,1.0065673438130762
2024-10-01,-0.03982166382772501,-0.03466997428889751,0.001227575524389568,3163.5899999999965,3966.6299999999974,1.0336429503931548,-0.06937561271681313,0.6357588179370508,0.9628651078494054
2024-10-02,-0.002573768480562233,-0.03982166382772501,-0.05316166243778031,805.7799999999988,2390.3099999999977,1.0266974823457735,-0.0810552831615903,0.06511289330645333,0.9232861611345622
2024-10-03,0.001705378860227258,-0.002573768480562233,-0.03845184339400887,821.1699999999983,1649.0800000000017,1.0199480056846706,-0.08068921876181868,0.06272588352255498,0.9245033803080119
2024-10-04,0.021946181495442696,0.001705378860227258,-0.06876413111319835,292.8099999999977,2024.949999999997,1.0156046381579902,-0.05508581503530416,0.6584261339753656,0.9593403128083668
2024-10-05,-0.00045098734014104025,0.021946181495442696,-0.055962088253429076,396.73999999999796,681.2999999999956,1.010434965863964,-0.020251663546066875,0.041097901070878025,1.0210542484612484
2024-10-06,0.012277385671468632,-0.00045098734014104025,-0.05775183288318342,259.02999999999884,1176.0299999999988,1.0063396454620057,0.03258721120158866,0.6478576226741867,1.0232273161363168
2024-10-07,-0.009486005312646983,0.012277385671468632,-0.0415874479101872,691.9100000000035,2350.1900000000023,0.9989290999952364,0.025633013487037865,0.2535582229511092,1.0340264656506681
2024-10-08,-0.001020667266649511,-0.009486005312646983,-0.016403478933936677,363.6900000000023,1339.6900000000023,0.9918017288839167,0.022907898632003668,0.04741395397407597,1.0022227233192669
2024-10-09,-0.02452474232426416,-0.001020667266649511,0.02239751762713882,1859.489999999998,2242.75,0.9856326857900509,-0.023631414754460955,0.6797369301050968,1.001651519546231
2024-10-10,-0.005106370767738344,-0.02452474232426416,0.0004465437834368924,1690.0199999999968,2375.6800000000003,0.9795625849852381,-0.02829977852147568,0.1303290005382456,0.965235703139339
2024-10-11,0.036693891346722296,-0.005106370767738344,-0.00636520584452871,238.75,3329.9199999999983,0.9770294677328244,-0.004465709415022563,0.6647607149701351,0.969503567755207
2024-10-12,0.010652702270546932,0.036693891346722296,0.00838250400675089,52.7699999999968,992.7699999999968,0.980417215624895,0.015661936618233157,0.6710819222914618,1.0061053251028105
2024-10-13,-0.005319096759781039,0.010652702270546932,0.019486193617438863,1156.2200000000012,1235.7200000000012,0.9847769690327847,0.011349831600462892,0.27207619848937087,1.042387346662924
2024-10-14,0.051120868102157546,-0.005319096759781039,0.0018897111861891913,412.2099999999991,4042.1900000000023,0.9885161287991069,0.08603740281099634,0.7951061182161293,1.0421644656675129
2024-10-15,0.014983205463229288,0.051120868102157546,0.06249658460099372,1283.9800000000032,3149.989999999998,0.9934406926953064,0.10602892165874067,0.31433115660584854,1.0566675727534378
2024-10-16,0.008138307848598592,0.014983205463229288,0.07850045733087252,323.6499999999942,1673.5099999999948,0.9983026240639752,0.07809759313527477,0.32618269385706405,1.0611952431263885
2024-10-17,-0.0029315286998625734,0.008138307848598592,0.11116350750373527,954.0099999999948,1273.3999999999942,1.003963753966868,0.06456539708700061,0.15566200722353185,1.075552544758217
2024-10-18,0.014924257413553965,-0.0029315286998625734,0.11333834957161104,229.41999999999825,1807.6399999999994,1.0108644951324373,0.0847126770783776,0.5566484476966846,1.0202437837061593
2024-10-19,-0.000730695037119311,0.014924257413553965,0.09156871563844271,418.0,683.2599999999948,1.0186970467560323,0.03412462671941891,0.07316394930081371,1.0201845301333718
2024-10-20,0.00956433355757702,-0.000730695037119311,0.08018531833077647,278.0,1300.0,1.0286509456354291,0.028771445584654748,0.5030769230730533,1.0112095517288449
2024-10-21,-0.023967004283086846,0.00956433355757702,0.09506874864813453,2191.320000000007,2678.850000000006,1.037689162060327,-0.0035928108728186764,0.6176157679578254,1.0238826385182949
2024-10-22,0.0007198248673518926,-0.023967004283086846,0.019980876262890135,806.0800000000017,1264.5899999999965,1.039913590278813,6.258909121650658e-05,0.03835235135468145,0.9846480972701234
2024-10-23,-0.011232313944175898,0.0007198248673518926,0.00571749566701274,2166.0,2212.8300000000017,1.0409925007274388,-0.02604727015264098,0.34225855578448294,0.9860773933136389
2024-10-24,0.022943767422919148,-0.011232313944175898,-0.01365312612576175,158.64999999999418,2340.0,1.0421023199497894,-0.002631790875153724,0.6536880341852427,0.9657645679923176
2024-10-25,-0.02199395644582236,0.022943767422919148,0.012222169997019972,2601.9900000000052,3175.2000000000116,1.0404585886758584,-0.03439010521876568,0.4723922902479444,1.0121818114355683
2024-10-26,0.005913641316056761,-0.02199395644582236,-0.024696043862356354,258.43000000000757,1014.6500000000087,1.0361901254853811,-0.004234994794712652,0.3887448873957492,0.9892078723341144
2024-10-27,0.013845607186230069,0.005913641316056761,-0.01805170750918028,179.02999999999884,1418.320000000007,1.0320100710155988,0.008796071706117589,0.6549579784487621,1.0063614607465428
2024-10-28,0.028527808037729363,0.013845607186230069,-0.013770433880527233,403.6999999999971,2652.0,1.028378712128014,0.04822041169376248,0.7317194570108171,0.9974107851400358
2024-10-29,0.03965297837218107,0.028527808037729363,0.038724378440288976,202.2100000000064,3860.1199999999953,1.024639488753277,0.06442287737050514,0.7186849113480431,1.0489349583415357
2024-10-30,-0.00538492271134583,0.03965297837218107,0.07765753194511815,1300.4199999999983,1525.0,1.0218861151187477,0.08126283316532491,0.25683278688356065,1.0841172728622284
2024-10-31,-0.028374281253896405,-0.00538492271134583,0.08350492317794822,2658.9800000000105,3014.2400000000052,1.017694026672809,0.04658199709885094,0.6810141196431577,1.0635538364962946
2024-11-01,-0.011324188908526045,-0.028374281253896405,0.03218687450113267,1471.8699999999953,2812.8099999999977,1.016175783214017,0.02144256893482346,0.2829910303209853,1.0047139734436632
2024-11-02,-0.0017449922664622974,-0.011324188908526045,0.04285664203842898,495.86999999999534,914.2299999999959,1.0145241729937946,-0.008432414819338962,0.13263620751743974,0.9554499657805539
2024-11-03,-0.008630662976178316,-0.0017449922664622974,0.035198008455909924,1896.0100000000093,1912.270000000004,1.0136575656674893,-0.05598752048797006,0.31310955042795613,0.9589465661221535
2024-11-04,-0.01346371022794457,-0.008630662976178316,0.012721738293501539,1940.9900000000052,2665.0,1.0125111622231242,-0.06414321462739828,0.34745966228763076,0.9784325416217293
2024-11-05,0.022431831623900944,-0.01346371022794457,-0.029269779972172394,373.3799999999901,3101.279999999999,1.013616455222937,-0.013174664557582996,0.4907651034395775,0.9763151870157726
2024-11-06,0.0893729329739763,0.022431831623900944,-0.04649092672045252,74.00999999999476,7102.0,1.0156402741100308,0.08381637103613904,0.872990706841915,0.9999606485011691
2024-11-07,0.0037831476979763856,0.0893729329739763,0.048266928964869615,1155.9900000000052,2433.9900000000052,1.0205733314475176,0.08933889716715933,0.11746145218296664,1.0988135539742867
2024-11-08,0.008593568843003663,0.0037831476979763856,0.0804243579167424,302.8899999999994,1644.9900000000052,1.0235999621524854,0.10656387432593312,0.3962881233296461,1.11802326926702
2024-11-09,0.0021916152418686163,0.008593568843003663,0.10034211566827211,795.1199999999953,1185.3399999999965,1.023044451699489,0.1223082592900376,0.14146152158755587,1.1028912092932006
2024-11-10,0.04815691599591321,0.0021916152418686163,0.10427872317660303,185.4600000000064,5008.0,1.0236444528712587,0.1471576246104493,0.7373302715640206,1.0146280387746835
2024-11-11,0.10299836966550102,0.04815691599591321,0.16106630214869455,154.0,9314.529999999999,1.0284752171566292,0.15958764694139296,0.8887168756760807,1.0594812220587733
2024-11-12,-0.00785105223479976,0.10299836966550102,0.27752838204214014,3575.9900000000052,4868.0,1.039913920467747,0.1479296033376915,0.14297247329469506,1.15864912956226
2024-11-13,0.027551274837266382,-0.00785105223479976,0.24724549818343944,1824.0199999999895,7137.649999999994,1.0501900551069032,0.16655131767935552,0.3394954922133481,1.1470386473417349
2024-11-14,-0.03374388106471693,0.027551274837266382,0.18542384004672952,3706.9899999999907,5121.789999999994,1.0636056328711763,0.13003575408511422,0.5954207415755155,1.1244890973635564
2024-11-15,0.04244437398018164,-0.03374388106471693,0.1478968112840362,252.20999999999185,4776.619999999995,1.074912170392562,0.12457076536562181,0.7759629193848903,0.985082572092159
2024-11-16,-0.004890034907478302,0.04244437398018164,0.18174761642121418,975.9000000000087,1723.4900000000052,1.0864181808667128,0.021636472937215986,0.2582898653298942,1.0350197795365905
2024-11-17,-0.008068824947354392,-0.004890034907478302,0.17466596627186726,1864.9199999999983,2727.9900000000052,1.0899734354932227,0.021416952857432343,0.2683257636565039,1.0023426780798272
2024-11-18,0.006767384122082332,-0.008068824947354392,0.11844022532859966,479.09000000001106,3217.100000000006,1.0939915697140155,0.0009829723626036766,0.18902116813220432,1.0289766149876571
2024-11-19,0.020413737695668788,0.006767384122082332,0.022209239785180968,107.08000000000175,3548.5099999999948,1.099350992689776,0.0555174890448659,0.5204212472262401,0.9937605505400459
2024-11-20,0.02140345673566446,0.020413737695668788,0.050474029715649515,810.7899999999936,3331.970000000001,1.105142608011567,0.03512679360712263,0.592970524942921,1.0190300100720942
2024-11-21,0.04274798019993509,0.02140345673566446,0.044326211614047595,246.55999999999767,4948.0,1.1059484547705167,0.0818883409558222,0.8145836701681188,1.0493074529588955
2024-11-22,0.0058472013826280644,0.04274798019993509,0.12081807287869961,1195.0099999999948,2465.899999999994,1.098403287796156,0.09582006789513549,0.23313191937940497,1.086808377424498
2024-11-23,-0.012332645714516866,0.0058472013826280644,0.08422090028114604,1756.0,1772.8500000000058,1.0921692964836975,0.07666615585720502,0.6879318611236837,1.0712940491572005
2024-11-24,0.002330648166728677,-0.012332645714516866,0.07677828947410748,1937.62999999999,2829.229999999996,1.0823052945819176,0.05878592203174517,0.08046005450217733,1.03591010213969
2024-11-25,-0.04994921350389636,0.002330648166728677,0.08717776258819054,5299.849999999991,6271.610000000001,1.0758055516015375,-0.013631533852209374,0.779710473067077,0.9957578090163748
2024-11-26,-0.011233737099909935,-0.04994921350389636,0.03046116496221185,2218.909999999989,4182.2699999999895,1.0636980757784138,-0.06678836304779298,0.24982844244811922,0.940521073494317
2024-11-27,0.04238507278190995,-0.011233737099909935,-0.001186309833366872,173.02000000000407,5416.070000000007,1.0554964953334007,-0.031107109217774112,0.7197008162732009,0.9415675257288652
2024-11-28,-0.002285863665387078,0.04238507278190995,0.019795306212878616,1223.1100000000006,1924.0,1.050468247960628,-0.020986265586117034,0.11389293139234186,0.9791937776532064
2024-11-29,0.018987290156683212,-0.002285863665387078,-0.02523853765244355,278.9899999999907,3255.0,1.045143327866181,-0.004504920701204856,0.557913978492908,1.0283192099431018
2024-11-30,-0.010794274574184248,0.018987290156683212,-0.012098448878388401,1367.9900000000052,1371.9400000000023,1.0389688744233885,0.035881960229562915,0.7668046707526022,1.0597491484818815
2024-12-01,0.008061468764155144,-0.010794274574184248,-0.010560077738055784,714.1100000000006,2142.1199999999953,1.0323127606497602,0.0552084210324308,0.3628134745001967,1.005683938274066
2024-12-02,-0.01383503122595442,0.008061468764155144,-0.004829257140629317,2790.179999999993,3735.0,1.026403508294611,-0.00023463289006616533,0.3599866131181802,1.0161139258320282
2024-12-03,9.463628261174861e-05,-0.01383503122595442,0.031284925137312625,2262.449999999997,2727.350000000006,1.0188601083106472,0.0021484791547327123,0.0033292390048832877,0.9833841576031191
2024-12-04,0.028561699051921963,9.463628261174861e-05,0.04261329851983431,1261.8600000000006,4412.169999999998,1.0139746220779162,0.011500615517808987,0.6204724659280583,0.9942089862053964
2024-12-05,-0.016652141472148774,0.028561699051921963,0.028789924789846322,8087.320000000007,13588.0,1.0086855986972105,0.00556122389269396,0.12081910509264013,1.0144275083917118
2024-12-06,0.028832759145512643,-0.016652141472148774,0.014423646983084626,963.9100000000035,5917.270000000004,1.0096862667135789,0.025956991273453925,0.47238168952832404,1.011529662475055
2024-12-07,0.0009138683812970338,0.028832759145512643,0.024269115971914057,896.8399999999965,1595.179999999993,1.0129820443753246,0.04080206957585897,0.057140886921499594,1.0405963754290701
2024-12-08,0.012797501081567075,0.0009138683812970338,0.03597725892739534,1174.2900000000081,2693.300000000003,1.0118554579542787,0.05342374283918312,0.4743623064624239,1.012625051578641
2024-12-09,-0.0379105483466009,0.012797501081567075,0.04071329124480727,6959.539999999994,7065.87999999999,1.0119378959082719,-0.013385522380280521,0.5424844463810007,1.0429514976590486
2024-12-10,-0.007026056763778543,-0.0379105483466009,0.016637774124160787,3019.9300000000076,4013.4600000000064,1.0091581972173524,-0.0036440310672168907,0.1702969507602647,0.9752922674402983
2024-12-11,0.04691851376393741,-0.007026056763778543,0.009517081077770495,934.7599999999948,6229.759999999995,1.0081502415225263,0.01378215339921122,0.7274758578167906,0.967555590147006
2024-12-12,-0.011082422744128628,0.04691851376393741,0.02787389578978594,1813.3600000000006,3228.3600000000006,1.0107461976374497,0.001724412030647034,0.3471452997796202,1.0001524088862392
2024-12-13,0.014198990863292016,-0.011082422744128628,0.033443614517806086,799.2899999999936,2690.2599999999948,1.0144476629749586,0.0031072363331282266,0.5278151554105295,1.0280419303866597
2024-12-14,-4.19031937628489e-05,0.014198990863292016,0.01880984623558546,814.8399999999965,2040.5899999999965,1.0182137925850478,0.04171317981398451,0.00207783043138723,1.050016564347313
2024-12-15,0.030013705383553635,-4.19031937628489e-05,0.017854074660525576,182.86000000000058,4012.8600000000006,1.0192793253241623,0.078336143892785,0.7585587336693579,1.0029171817058096
2024-12-16,0.01526526030644626,0.030013705383553635,0.035070278962512136,1130.9900000000052,4460.070000000007,1.0209904516026844,0.04763496189260344,0.35754371568078985,1.0445950868707734
2024-12-17,0.0007079101319968917,0.01526526030644626,0.0882460876155593,737.1699999999983,3031.5099999999948,1.0201042271611187,0.05948691188515626,0.024769834174970064,1.0456933129897437
2024-12-18,-0.0558703575319216,0.0007079101319968917,0.09598005451133473,6133.740000000005,6524.979999999996,1.0211732455802436,-0.012104006628532166,0.9087736667378178,1.0464774206270953
2024-12-19,-0.027365671293993032,-0.0558703575319216,-0.006808816784524274,4504.009999999995,7100.110000000001,1.0179290949711812,-0.03980918838090541,0.3862123262873578,0.9592205888364018
2024-12-20,0.0035252764517319513,-0.027365671293993032,-0.02309206533438868,5229.320000000007,6000.460000000006,1.0181141244594403,-0.06586221950180443,0.057258943480904594,0.9189429698621498
2024-12-21,-0.005249707991702657,0.0035252764517319513,-0.03376577974594874,1407.050000000003,3142.220000000001,1.0186164229507964,-0.08627567418125824,0.16340358090724483,0.921530137353117
2024-12-22,-0.02164330280426996,-0.005249707991702657,-0.03897358454388855,3041.6399999999994,3197.729999999996,1.0147195997562872,-0.108864288245917,0.65850775393589,0.9709390871682682
2024-12-23,-0.003202142493870186,-0.02164330280426996,-0.09063059273171215,2666.270000000004,4018.9199999999983,1.010221231685194,-0.05457977942603342,0.07584375901964692,0.9766514819232878
2024-12-24,0.03986141867321402,-0.003202142493870186,-0.10909799553202859,1312.449999999997,5918.970000000001,1.0041479107018862,0.012254759396851476,0.6389811065090059,0.9701042191518181
2024-12-25,0.0077639591022340415,0.03986141867321402,-0.06994448699081146,1031.5599999999977,1937.12999999999,1.0013442618038433,0.01646965683747407,0.39544067770157587,1.0140976662107537
2024-12-26,-0.03658870195595676,0.0077639591022340415,-0.00631017035665582,4230.460000000006,4764.559999999998,0.9950539701788589,-0.015541664629770028,0.7635563409826639,1.0445792234531304
2024-12-27,-0.01558142885179914,-0.03658870195595676,-0.015533201018619547,2291.590000000011,4044.570000000007,0.9867190775344591,-0.009364805440899269,0.36903057679711665,1.009592283930677
2024-12-28,0.01061484937862045,-0.01558142885179914,-0.03463990632215064,163.36999999999534,1598.3300000000017,0.9775528013395833,0.004401382276122794,0.6262599087758708,0.9557633120549649
2024-12-29,-0.01638824763903468,0.01061484937862045,-0.01877534895182753,2290.479999999996,2330.479999999996,0.9754683862961911,-0.051210091120839296,0.6701623699809928,0.9584670963173944
2024-12-30,-0.010093537106537043,-0.01638824763903468,-0.013520293786592252,2207.75,3494.050000000003,0.9734475002321122,-0.06908888803420013,0.27078605057091076,0.9785638824281042
2024-12-31,0.008448460832582105,-0.010093537106537043,-0.02041168839925911,758.320000000007,4216.270000000004,0.9702416047290957,-0.02340105811182502,0.18593448711731864,0.9840191357217567
2025-01-01,0.010855240659998211,0.008448460832582105,-0.051824646239891026,688.0,2263.149999999994,0.9701868589633559,0.0030997825560716502,0.4488390075759485,0.981909758656873
2025-01-02,0.025298178626284695,0.010855240659998211,-0.048733364682126856,199.7899999999936,3447.5,0.9722588550562057,0.017524351424463163,0.6941290790407697,1.009106106155228
2025-01-03,0.012263675572221189,0.025298178626284695,0.013153515900114598,884.7799999999988,2876.9000000000087,0.9766160235435256,0.04623745773532968,0.41342764781391833,1.0451842587807898
2025-01-04,0.0004718144831972193,0.012263675572221189,0.04099862032413493,659.3899999999994,1263.6399999999994,0.9777380473679649,0.05685398319206608,0.03666392326899681,1.0491384543045223
2025-01-05,0.0014570278098766654,0.0004718144831972193,0.030855585428711696,943.7100000000064,1560.0600000000122,0.9796317731368657,0.049896978237433325,0.09172724125936658,1.0383617859435794
2025-01-06,0.039364049367443865,0.0014570278098766654,0.04870086087762304,443.6100000000006,4560.0,0.9861728029904291,0.07770926788708521,0.8491206140332268,1.0142168684388553
2025-01-07,-0.05165509861535522,0.039364049367443865,0.09815844735160395,6053.790000000008,6542.570000000007,0.9963627076680235,-0.000311231242786199,0.8071736336014637,1.0413695332112782
2025-01-08,-0.01953491432743626,-0.05165509861535522,0.03805488790366662,4453.710000000006,4767.75,0.9997517732917742,-0.03222855983224556,0.397250275286253,0.9871117536563141
2025-01-09,-0.026384429891623817,-0.01953491432743626,0.007664732916232153,3856.9400000000023,4178.650000000009,1.00236690154273,-0.05943900817744791,0.600222559916238,0.9664205085600254
2025-01-10,0.02348526765730452,-0.026384429891623817,-0.04401787560167636,346.47000000000116,3629.979999999996,1.004854450599782,-0.03768124361839843,0.5987966875834054,0.9052863190512894
2025-01-11,-0.0013314174940783907,0.02348526765730452,-0.03279628351659303,894.3800000000047,1219.2100000000064,1.0073933524230265,-0.07762258335982769,0.10343583139817224,0.977015017645886
2025-01-12,-0.0005806554525006336,-0.0013314174940783907,-0.03459951549386864,888.8000000000029,1738.9100000000035,1.0077093518288882,-0.025166384590415907,0.03158875387437623,0.995154459875652
2025-01-13,-9.476962625010188e-05,-0.0005806554525006336,-0.03663719875624594,5288.369999999995,6683.309999999998,1.0053452687739046,-0.005532916030821608,0.001342149324210271,1.0215290804169612
2025-01-14,0.021417849900725594,-9.476962625010188e-05,-0.0760960177499399,189.88000000000466,3024.779999999999,1.0037138243069066,0.0423975400954645,0.669387525702136,0.9979941116551709
2025-01-15,0.04076693186038316,0.021417849900725594,-0.003023069233859088,60.86000000000058,4181.940000000002,1.0034839511502065,0.05914168402483963,0.9413095357634459,1.0207280148761115
2025-01-16,-0.005075258203325772,0.04076693186038316,0.05727877695396033,3162.220000000001,3531.529999999999,1.0032469379163031,0.05538580757332678,0.14442748610334863,1.0629571761866776
2025-01-17,0.04090699518838892,-0.005075258203325772,0.07858794864225838,36.529999999998836,5914.449999999997,0.9979437392112628,0.09605907551520942,0.6915571185812848,1.0576626283504396
2025-01-18,0.0045999384304846735,0.04090699518838892,0.09600967617334277,1799.929999999993,2711.3300000000017,1.0007823053642237,0.10074324067859734,0.1765775468121655,1.0778433414946802
2025-01-19,-0.030841395103859304,0.0045999384304846735,0.10194103209790584,4904.62999999999,6770.829999999987,1.004983158225573,0.048224528141850256,0.4762577113877076,1.0403879306270263
2025-01-20,0.009162396279856155,-0.030841395103859304,0.07168029244654717,1781.570000000007,10038.0,1.0095812515733116,0.017387328449515016,0.09249252839201662,1.0134444074397448
2025-01-21,0.03797975376689289,0.009162396279856155,0.08093745835265342,2140.970000000001,7121.770000000004,1.0127944982748611,0.05975178903082926,0.5453447668198428,0.9825373366073045
2025-01-22,-0.022960922265658046,0.03797975376689289,0.09749936221882072,2804.7000000000116,3055.340000000011,1.0185681804747346,-0.003569284871124381,0.7976722721504049,1.0151840784618957
2025-01-23,0.0019640011547956693,-0.022960922265658046,0.03377150809277951,2444.3800000000047,5587.720000000001,1.0243670659690112,-0.006196600891276095,0.03645136119913461,1.023438796023786
2025-01-24,0.009240273874573157,0.0019640011547956693,0.04081076745090095,1160.3399999999965,4370.0,1.0308525436205678,0.034328244371791765,0.21971395880956454,1.0161385667769836
2025-01-25,-0.0011790732379457491,0.009240273874573157,0.009144046137085193,764.4100000000035,1180.4300000000076,1.035755494554467,0.024027799309246735,0.10475843548447648,0.9880038234915607
2025-01-26,-0.020304667873067395,-0.0011790732379457491,0.0033650344686547706,2226.4100000000035,2979.5599999999977,1.03670026772753,-0.03376212143991892,0.7138168051634685,1.0100301176414321
2025-01-27,-0.0052345546677060595,-0.020304667873067395,0.01390176169944668,4842.229999999996,5482.229999999996,1.0391358524525287,-0.015781794329075866,0.09798567371288938,0.9875821790208752
2025-01-28,-0.0073206238502596666,-0.0052345546677060595,-0.0004951892481155351,1810.1500000000087,3527.320000000007,1.0344845862288512,-0.025091420468905452,0.21186339770643933,0.9734179774102345
2025-01-29,0.023661199942527578,-0.0073206238502596666,-0.04579556686526809,7.510000000009313,3454.6699999999983,1.028049268372282,-0.01090365174991826,0.6940518197087021,0.9674326244655567
2025-01-30,0.00954081835292131,0.023661199942527578,0.0008265553429175343,454.70000000001164,3178.9000000000087,1.024738238213684,-0.00022829067717926391,0.311330963539868,1.01084817774313
2025-01-31,-0.021899499765762886,0.00954081835292131,0.008403372541043175,3162.9400000000023,4452.0,1.02211946265277,-0.0018575026911203123,0.5151347708883318,1.0258624295584282
2025-02-01,-0.01751359666096397,-0.021899499765762886,-0.02273640109929287,2150.050000000003,2504.2000000000116,1.0145501182638024,-0.014277973918882378,0.7163605143330531,1.0107962143974787
2025-02-02,-0.029165211334154395,-0.01751359666096397,-0.03907092452231109,4485.649999999994,5306.600000000006,1.008524315559945,-0.0365293935275801,0.5530980288686679,0.9701388870144226
2025-02-03,0.03713314320824468,-0.029165211334154395,-0.04793146798339809,6469.5899999999965,11269.009999999995,1.0009014364063877,-0.02345469228284027,0.3219386618697463,0.932943536535548
2025-02-04,-0.03518644109279401,0.03713314320824468,-0.005563770107447352,5178.520000000004,5582.309999999998,0.9951256041768987,-0.06877068397817421,0.6386925842516099,0.9892507592534812
2025-02-05,-0.011770285996367091,-0.03518644109279401,-0.03342958734998169,1608.1300000000047,2994.0,0.9896393301209965,-0.058467934933897035,0.38433867735342786,0.9714562384204803
2025-02-06,-0.0006011648811647952,-0.011770285996367091,-0.06886107328887636,935.7899999999936,3443.3600000000006,0.9854004108840038,-0.04140050641196766,0.016870150085912538,0.9888622985797731
2025-02-07,-0.0004924687494659574,-0.0006011648811647952,-0.07900305652296247,934.0100000000093,4517.650000000009,0.9836134640184503,-0.012294125741528961,0.010525383772513932,0.9528842422646655
2025-02-08,-0.0006430634939713631,-0.0004924687494659574,-0.05759602550666554,818.8000000000029,1192.0,0.9827567844063607,-0.04939770977438712,0.05206375838882302,0.9871492453238762
2025-02-09,0.00018673905907151678,-0.0006430634939713631,-0.04072549233967293,1731.7400000000052,2610.0899999999965,0.9779325438685298,-0.013390588634620868,0.0068963139201832354,0.9982643020157966
2025-02-10,0.010035687350816946,0.00018673905907151678,-0.011373541946447019,1206.75,3089.0,0.9725615640544727,0.008435179811912993,0.3133926837154008,0.9990513115152243
2025-02-11,-0.016961983897908373,0.010035687350816946,-0.03847099780387475,2553.9400000000023,3601.5399999999936,0.9718041806579049,-0.008070960565151436,0.4588648189372947,1.0095746620963497
2025-02-12,0.021839938524633062,-0.016961983897908373,-0.020246540608989116,1689.9700000000012,4031.7600000000093,0.9708010266122897,0.014026493077817339,0.5188255253276003,0.9930888921469433
2025-02-13,-0.0128931248485874,0.021839938524633062,0.013363683912011037,2652.6300000000047,2866.550000000003,0.9739060960260892,0.0016928008431634778,0.44020163611156177,1.0145884292123126
2025-02-14,0.009236695789816451,-0.0128931248485874,0.001071723944588432,355.31999999999243,2573.179999999993,0.9732053720302646,0.010700377607538222,0.3467887982949214,0.9915562652556962
2025-02-15,0.0007095349684433927,0.009236695789816451,0.01080088848387084,276.8999999999942,748.679999999993,0.976498262456956,0.0014239967354055451,0.09241598546652617,1.0179819624925088
2025-02-16,-0.014876960727340904,0.0007095349684433927,0.012153486946285597,1523.4800000000105,1658.2900000000081,0.979961016460345,0.0035427501218380205,0.8753294055872269,0.9969313371749604
2025-02-17,-0.0035177550289164916,-0.014876960727340904,-0.0029102128401268246,913.1199999999953,1841.5899999999965,0.9824838255877744,-0.0215860703469033,0.1836022133038081,0.9949277566051887
2025-02-18,-0.0011302986009604776,-0.0035177550289164916,-0.016463655219860263,2391.9100000000035,3365.820000000007,0.9845212239335887,-0.00974004563444399,0.03216749558790061,0.9823541381539865
2025-02-19,0.01016632497746972,-0.0011302986009604776,-0.0006319699229123676,641.75,1870.0,0.9877859774622137,-0.008819348533605423,0.5201229946496198,0.9805480515151944
2025-02-20,0.017182894357943512,0.01016632497746972,-0.01230558347007571,229.27999999999884,2296.270000000004,0.9920658046882738,0.007508306123334202,0.7231858622865647,1.0054750342599292
2025-02-21,-0.02159625654849706,0.017182894357943512,0.017770435736455203,3433.050000000003,4603.050000000003,0.9950680349498109,0.0006641702458554384,0.46122245033084264,1.0263624973898517
2025-02-22,0.0038367893861199764,-0.02159625654849706,-0.01306251660185831,411.4899999999907,1209.5099999999948,0.9977675293770045,0.008017574806432785,0.3050987589990493,1.005333236334993
2025-02-23,-0.003034768875022631,0.0038367893861199764,-0.009935262184181726,1323.0699999999924,1422.0599999999977,0.9969988743981019,0.006109129552710007,0.20604615838848908,0.9990339840799831
2025-02-24,-0.04888030085811046,-0.003034768875022631,0.0019069296681365477,4908.740000000005,5150.740000000005,0.9992499838636871,-0.05412122368972821,0.9134842760439967,0.9791770510146991
2025-02-25,-0.0313750916410277,-0.04888030085811046,-0.04345561616105742,5501.889999999999,6489.699999999997,0.9962995568360542,-0.10303599522160649,0.44262138465500495,0.9518714420310334
2025-02-26,-0.04995816437454048,-0.0313750916410277,-0.07370040920112464,6424.389999999999,7158.139999999999,0.991157146406647,-0.1324523845569599,0.6189177635522376,0.9184823649177777
2025-02-27,0.005442011990729023,-0.04995816437454048,-0.13382489855313484,1533.5999999999913,4361.970000000001,0.9851091349707426,-0.1308545744919556,0.10511076417282879,0.8752528620997735
2025-02-28,-0.0042338096093689215,0.005442011990729023,-0.14556578092034933,6450.059999999998,6861.479999999996,0.9795615242081708,-0.13205798892714252,0.052267149361286805,0.9252421114442276
2025-03-01,0.02032710396711601,-0.0042338096093689215,-0.1282033339812212,525.1600000000035,2733.220000000001,0.9738319913076251,-0.06181936512550209,0.6273113763230651,0.9511677890492151
2025-03-02,0.09534090292481712,0.02032710396711601,-0.11171301940022516,1013.929999999993,9949.399999999994,0.9679438893736038,0.061124110070211214,0.8247190785365713,1.0215363568157614
2025-03-03,-0.08538654927336375,0.09534090292481712,-0.013337347600385407,9152.89,9299.350000000006,0.965265497070259,0.02311960673741426,0.8655852290742195,1.1128742802677132
2025-03-04,0.012309933784973248,-0.08538654927336375,-0.0498435960156387,4720.610000000001,7467.520000000004,0.9595179235747048,0.02992713164809282,0.14205787195729924,1.0221774905826844
2025-03-05,0.038083806073143656,0.012309933784973248,-0.006158570589637757,947.4499999999971,4665.470000000001,0.9549902991650384,0.07154644871981662,0.7124748417614674,1.0141457810784535
2025-03-06,-0.007440124556858829,0.038083806073143656,0.08188339985804638,2770.0099999999948,4974.639999999999,0.9519695311640296,0.04395524233186039,0.1355093031854859,0.9611330221703617
2025-03-07,-0.034805673493573885,-0.007440124556858829,0.06900126331045853,5264.860000000001,6615.990000000005,0.9541269040540892,-0.08253622265466797,0.4731158904404739,1.0430440007325394
2025-03-08,-0.006673828580645025,-0.034805673493573885,0.03842939942625356,1583.2799999999988,1678.7799999999988,0.9576952698283909,2.1340377514377424e-05,0.34506605987476496,0.9944979479154804
2025-03-09,-0.0636502442229373,-0.006673828580645025,0.011428466878492527,6222.449999999997,6500.0,0.9650847489596912,-0.07797964388101088,0.8443215384602413,0.951619544884495
2025-03-10,-0.026488223045525672,-0.0636502442229373,-0.1475626802692619,3274.459999999992,6663.550000000003,0.9687331880676155,-0.14220152009743764,0.320943040871125,0.8977279361080924
2025-03-11,0.055182677560879245,-0.026488223045525672,-0.08866435404142381,1989.8600000000006,7011.399999999994,0.9715544965880452,-0.08101967373466788,0.6185825940602194,0.9054640027418802
2025-03-12,0.009008839546240877,0.055182677560879245,-0.04579161026551781,2325.340000000011,3932.2000000000116,0.9755410945082462,-0.03662534840338963,0.19000305172628246,0.9618491471768664
2025-03-13,-0.030644554525017353,0.009008839546240877,-0.07486657679242059,3740.220000000001,4396.430000000008,0.971604261404784,-0.06105306780264209,0.5832777958466664,1.036486938586379
2025-03-14,0.03534971863674374,-0.030644554525017353,-0.09807100676057912,296.9400000000023,4490.87000000001,0.9741483219608829,0.03945239584462407,0.638499889774945,1.0320617396387035
2025-03-15,0.004229893597767154,0.03534971863674374,-0.027915614630261487,365.1999999999971,1058.2799999999988,0.9774148511183419,0.0705187252935837,0.33568620780572583,1.012663356283187
2025-03-16,-0.020914662400679962,0.004229893597767154,-0.01701189245184931,2357.320000000007,3135.9199999999983,0.9768993388169086,-0.004331652851645389,0.5624856501423441,1.0078671015290133
2025-03-17,0.017384295133135996,-0.020914662400679962,0.02572368937040803,118.52999999999884,2300.8300000000017,0.9734180383336095,0.003934762127035954,0.623909632608126,1.0179835538781727
2025-03-18,-0.015414826063030795,0.017384295133135996,0.0695962075490697,2875.3699999999953,2887.0800000000017,0.9728088682199517,0.019523809956636773,0.4485466284257863,1.0003194686556358
2025-03-19,0.04994146771149088,-0.015414826063030795,-0.001001296074840341,167.86999999999534,4452.8399999999965,0.96956308820291,0.033518965488379945,0.9277023203148395,0.9807512446281909
2025-03-20,-0.030197727147636355,0.04994146771149088,0.039931332090409666,3190.7100000000064,3798.4400000000023,0.9755226848364427,-0.0013650779404295167,0.6904255431158812,1.0517279359628204
2025-03-21,-0.0015981308755205204,-0.030197727147636355,0.040378159467790664,1048.1399999999994,1675.0800000000017,0.9822035524903313,0.018171984931211742,0.08034840126991394,1.0025396967481144
2025-03-22,-0.0029516419489445944,-0.0015981308755205204,0.0034303099555264005,463.6899999999878,914.0699999999924,0.9847031092355113,-0.0020189387153258234,0.2715328147705141,1.0166083479628791
2025-03-23,0.02674015056430301,-0.0029516419489445944,-0.0037512255911853476,30.839999999996508,2319.8899999999994,0.9909671054528517,0.03990481199258906,0.9663863372790694,0.9653944674903627
2025-03-24,0.01644538669299811,0.02674015056430301,0.043903587373797626,563.4100000000035,3246.3399999999965,0.9969237296522919,0.00748202024201038,0.43607878410629947,1.0220735593758457
2025-03-25,-0.0012033395902268929,0.01644538669299811,0.04296467893365974,1188.1600000000035,2229.6300000000047,1.0009539621389558,0.03694102674099378,0.04722308185642268,1.0405448811904656
2025-03-26,-0.005534776464029556,-0.0012033395902268929,0.05717616540646364,1532.8699999999953,2415.0,1.006479570844587,0.03299028589792833,0.20029399585838653,1.0423694537454948
2025-03-27,0.003714682811951864,-0.005534776464029556,0.0016999212309432021,1109.1699999999983,1956.3899999999994,1.0134317752476105,0.03965409294917999,0.16501822233723668,1.009603229460111
2025-03-28,-0.0321857767578666,0.003714682811951864,0.03561233119053142,3647.0099999999948,3930.6699999999983,1.0169972725841179,-0.01944991629427434,0.7142878949372113,0.9969582217500345
2025-03-29,-0.02103468216171689,-0.0321857767578666,0.005024685308185339,2779.570000000007,2979.9199999999983,1.020114712997837,-0.05702060531181351,0.5959354613526715,0.9660328125166276
2025-03-30,-0.0031283069247198814,-0.02103468216171689,-0.013058354904586955,1083.5399999999936,1969.6399999999994,1.0139742616769705,-0.058949751432839814,0.13126256574738585,0.9509760592581887
2025-03-31,0.0019422262340362817,-0.0031283069247198814,-0.04292681239360985,1111.4700000000012,2664.5599999999977,1.0095253111821418,-0.0514592587896242,0.06005119044022067,0.9444926237513043
2025-04-01,0.031596967704788925,0.0019422262340362817,-0.057429972852571676,117.26999999998952,3146.720000000001,1.0079316702459546,-0.024059003595184796,0.8289075608861629,0.9777982379023689
2025-04-02,-0.0310251468030025,0.031596967704788925,-0.024629665557555858,2838.3399999999965,6180.0,1.0086095048874786,-0.022860494053889943,0.427517799352061,1.030367142601672
2025-04-03,0.008444393222235336,-0.0310251468030025,-0.0501200358965288,1305.0499999999884,2786.779999999999,1.0035575505630705,0.006807507923370175,0.25004126626339274,1.0015329532143407
2025-04-04,0.00813309540602325,0.008444393222235336,-0.04539032548624533,1554.0899999999965,3061.0,0.9989455488739852,0.018040918255115185,0.22109768049584708,1.0080324641995804
2025-04-05,-0.004194546969735313,0.00813309540602325,-0.005071453322355479,1509.9199999999983,1886.050000000003,0.9950656001473714,0.011897206944360833,0.18656981522129523,0.9851045710848755
2025-04-06,-0.061145713465215135,-0.004194546969735313,0.011768681869626096,6384.1600000000035,6663.800000000003,0.9905119008413942,-0.08230583989113133,0.7665281070848972,1.012381797582029
2025-04-07,0.009348973607038236,-0.061145713465215135,-0.04624872467086916,3922.0,6735.580000000002,0.9833470768149931,-0.0414836787352353,0.10886070687289238,0.9425199809308848
2025-04-08,-0.03588559538492875,0.009348973607038236,-0.0388419772978672,2923.340000000011,4628.090000000011,0.9791678314263063,-0.08643793194988135,0.6138212523943705,0.9436567251802871
2025-04-09,0.0824502158081466,-0.03588559538492875,-0.10632454038758488,1702.4199999999983,8968.0,0.9777631461782701,-0.015310942154575725,0.7016949152534551,0.9136252859327834
2025-04-10,-0.036408787630172745,0.0824502158081466,0.007150822223564224,4150.860000000001,4288.850000000006,0.9789745152155411,-0.04819570126111471,0.7013348566615715,1.0533624888435549
2025-04-11,0.047942085713244875,-0.036408787630172745,-0.03770235862884386,637.7200000000012,5330.419999999998,0.9780749501096413,0.061727612611366556,0.7159923608257577,1.0056094217467602
2025-04-12,0.022212595344448305,0.047942085713244875,0.0021066316783777683,630.8899999999994,3112.050000000003,0.9762362848553937,0.07439155925327719,0.595449944568383,1.0930450056484058
2025-04-13,-0.017787935537056265,0.022212595344448305,0.028513773992561386,2242.6699999999983,3065.770000000004,0.980026500787048,0.09298883132956938,0.49478923728624574,1.0322177923147817
2025-04-14,0.009928127984718316,-0.017787935537056265,0.07187155192072026,82.0,2121.9900000000052,0.9828915572488413,0.023640809418179483,0.39188686091644204,1.052164814030874
2025-04-15,-0.011201942320973268,0.009928127984718316,0.07245070629840034,991.5800000000017,2896.4199999999983,0.9853991787387932,0.04946378068216491,0.327159044612565,1.0139976774025268
2025-04-16,0.004619459210398746,-0.011201942320973268,0.09713435936235582,532.3500000000058,2388.3600000000006,0.987472145406629,0.007244280288414559,0.16178046860539513,0.9808516726100505
2025-04-17,0.010919027142326287,0.004619459210398746,0.019303602764607963,294.1200000000099,1733.75,0.9961702668416116,-0.00386536380473425,0.5292170151375382,1.0032280324737346
2025-04-18,-0.005570707978571843,0.010919027142326287,0.066631417537107,643.9499999999971,828.1199999999953,1.0028589524027998,0.008496396306568158,0.5714509974330823,1.0042123577783983
2025-04-19,0.007130183016948566,-0.005570707978571843,0.013118623845290278,110.24000000000524,1313.5400000000081,1.011611775091069,0.005722111847783204,0.45853951915846386,1.0099313770182412
2025-04-20,0.0012016172171542827,0.007130183016948566,-0.001963788482209461,1127.4899999999907,1371.2399999999907,1.0129433285799478,0.018188164302793183,0.07456025203411536,1.0124553762579676
2025-04-21,0.02743614523914495,0.0012016172171542827,0.017025764272001087,34.48000000001048,3321.2300000000105,1.0180556482397272,0.040645861753150124,0.7036519602656085,1.0027231982517286
2025-04-22,0.0677218385664009,0.02743614523914495,0.03453378152642772,440.1999999999971,6811.970000000001,1.0215376232652638,0.0953132726039764,0.8700522756253041,1.0360053407713008
2025-04-23,0.0026549878166355345,0.0677218385664009,0.1134575624138019,1507.5800000000017,2760.6399999999994,1.0246295490754687,0.10355102440532933,0.08986684247098423,1.0983342033294308
2025-04-24,0.0030887678955136,0.0026549878166355345,0.11149309102003868,2031.070000000007,2344.9900000000052,1.0300532880268973,0.09953014840618003,0.12341204013610269,1.0999285741455311
2025-04-25,0.007003689170739236,0.0030887678955136,0.103662831773226,1124.5099999999948,2902.079999999987,1.0350062403982514,0.10530852980895417,0.22680629065970845,1.0738633279792789
2025-04-26,-0.0001128502637609552,0.007003689170739236,0.11623722892253707,767.9899999999907,1328.3099999999977,1.0411689445973704,0.07812915347265477,0.008040291799288293,1.0127959304384415
2025-04-27,-0.009285835059390402,-0.0001128502637609552,0.10899419564182755,1025.4199999999983,1766.4199999999983,1.0436865941981064,0.00327268044418703,0.4974468133258362,1.010000098195047
2025-04-28,0.013460153835815225,-0.009285835059390402,0.09850674336528287,949.2900000000081,2829.9900000000052,1.0450583851099544,0.013991581612644856,0.44589910211539197,0.9975402336251351
2025-04-29,-0.007939697201950202,0.013460153835815225,0.08453075196195314,1268.6399999999994,1718.9900000000052,1.0459379533398314,0.0029361897266930097,0.43883908573964675,1.003936022776311
2025-04-30,-0.0008998818334843284,-0.007939697201950202,0.008869216193602036,1346.820000000007,2318.449999999997,1.049441342803191,-0.004943374499288344,0.0365847872499477,0.9960774823519466
2025-05-01,0.024613579407891883,-0.0008998818334843284,0.0053143465434821735,41.570000000006985,3293.590000000011,1.0509590350627482,0.019485027942552503,0.7037639779064663,1.004508833665958
2025-05-02,0.004116803508263045,0.024613579407891883,0.026839158055860457,139.9100000000035,1545.679999999993,1.053310677148609,0.032922597795155245,0.25700015526980813,1.01556374734005
2025-05-03,-0.010638357164841517,0.004116803508263045,0.023952272393384266,1134.1300000000047,1182.6600000000035,1.0503503719109177,0.008856878017504873,0.8715184414720107,1.0279058852187035
2025-05-04,-0.016470466975503584,-0.010638357164841517,0.013426765492303705,1705.0399999999936,2153.0999999999913,1.045739371228985,0.0002206493422038352,0.7332683108042714,1.01788663296946
2025-05-05,0.0048374152847727725,-0.016470466975503584,0.006242133576190523,763.5199999999895,1684.8999999999942,1.0405175591069786,0.005946688900283662,0.2706807525653079,0.9770723177169508
2025-05-06,0.022170995574119168,0.0048374152847727725,-0.00238060497485193,1356.679999999993,3543.649999999994,1.0343396791824024,0.003559935528031195,0.5927052615224663,0.9777735208202037
2025-05-07,0.0020290389679165077,0.022170995574119168,0.02773008780121744,1049.4100000000035,1947.3899999999994,1.029565616597621,0.0014785661182480012,0.10089401711983068,1.0101985865944088
2025-05-08,0.06421795208723036,0.0020290389679165077,0.030659008602618276,154.2100000000064,7269.470000000001,1.026408984094532,0.07441412729445562,0.8571601506012726,1.0291997188728355
2025-05-09,-0.002804624371499198,0.06421795208723036,0.07026338128195675,946.4600000000064,2046.1600000000035,1.0249296451997807,0.08821317570408371,0.1415431833280777,1.0900199379988196
2025-05-10,0.017845046988020696,-0.002804624371499198,0.0633419534021945,153.23000000001048,2165.810000000012,1.0244499489776426,0.10107511648411144,0.8484308411132551,1.0633865040406254
2025-05-11,-0.006597968715249425,0.017845046988020696,0.09182535755505672,1464.4700000000012,1626.9400000000023,1.0250571779589777,0.07252649251567708,0.42504947938814425,1.0801709771669732
2025-05-12,-0.01274208110028996,-0.006597968715249425,0.10169785581531088,3399.6300000000047,5101.080000000002,1.02414672404103,0.05767555158911582,0.2600782579370235,1.0082934992291421
2025-05-13,0.012767615008738131,-0.01274208110028996,0.08411835943024815,1361.62000000001,3546.550000000003,1.0252959426388355,0.00812213565398091,0.37004976667361034,0.9982454451933968
2025-05-14,-0.005724099004339123,0.012767615008738131,0.07471497886486711,1501.6699999999983,1754.8999999999942,1.0282727956009865,0.005190155907601043,0.33956350789025047,0.9932657841324162
2025-05-15,0.0024721803627976158,-0.005724099004339123,0.06696184089261148,2124.75,2809.62999999999,1.0326837503183663,-0.01002840790830335,0.09107248997166703,0.9941395339902803
2025-05-16,-0.002889353127408567,0.0024721803627976158,0.0052160691681787386,663.2200000000012,1449.8399999999965,1.0370606772483473,-0.006302111743701357,0.2067883352631636,1.0094598454422028
2025-05-17,-0.00325959102643536,-0.002889353127408567,0.0051313404122693695,851.3999999999942,1097.3600000000006,1.0391273821860112,0.00325693086834948,0.307328497482072,0.9938540140544448
2025-05-18,0.0322672170578604,-0.00325959102643536,-0.015973297602186687,21.55999999999767,3554.9100000000035,1.0403566459353721,0.02232769947415654,0.9360602659394012,0.9963174763027565
2025-05-19,-0.008271345834351629,0.0322672170578604,0.022891888170923136,4454.259999999995,5108.619999999995,1.0376008742596854,0.01976250069836844,0.17236161624827762,1.0259295855940385
2025-05-20,0.012088706907607882,-0.008271345834351629,0.027362623436861466,1389.020000000004,3135.279999999999,1.0343544951944927,0.029309593217213416,0.4070641218634186,1.020392040122207
2025-05-21,0.02614880918566298,0.012088706907607882,0.026683715335731217,749.9800000000105,4697.37000000001,1.0298981375313438,0.05801590300749831,0.5947987916630053,1.0361045374789155
2025-05-22,0.018717122570968137,0.02614880918566298,0.05855662352573332,466.6200000000099,2802.6300000000047,1.028674946555483,0.07982493080256892,0.7322479242685176,1.0299633852135182
2025-05-23,-0.03919479452346686,0.018717122570968137,0.07480156573390384,4896.210000000006,5000.0,1.0299285841951156,0.008083775627962352,0.8755839999982485,1.057992356811457
2025-05-24,0.004133591381898505,-0.03919479452346686,0.03849612433784555,442.8899999999994,2630.6199999999953,1.0273269879303677,0.02051459041298514,0.16863324995564355,1.0043828735968998
2025-05-25,0.011528006509906819,0.004133591381898505,0.045889306746179415,1161.270000000004,2699.350000000006,1.024757242332207,0.0199604336812956,0.4602182006762381,0.9828346268682853
2025-05-26,0.003950306864350717,0.011528006509906819,0.025150096198225835,333.6100000000006,1751.6399999999994,1.022778885301881,-0.001909815853331715,0.24582105912033206,0.975898734612392
2025-05-27,-0.004538044985511469,0.003950306864350717,0.03737174889692818,1918.2199999999866,3201.429999999993,1.022329828612532,-0.025002301752540933,0.1551213051662696,1.0197216131824673
